,,,,,,,,,,,,,,,,,,,,,,,,,,,,,,,,,,,,,,,,,,,,,,,,,,,,,,,,,,,,,,,,,,,,
,,,,,,,,,,,,,,,,,,,,,,,,,,,,,,,,,,,,,,,,,,,,,,,,,,,,,,,,,,,,,,,,,,,,
,,Banned,,,20 Points,,,19 Points,,,180 Points,,,170 Points,,,160 Points,,,150 Points,,,140 Points,,,130 Points,,,120 Points,,,110 Points,,,100 Points,,,90 Points,,,80 Points,,,70 Points,,,60 Points,,,50 Points,,,40 Points,,,30 Points,,,20 Points,,,10 Point,,,,,Drafted Pokémon,
,,,,,,,,,,,,,,,,,,,,,,,,,,,,,,,,,,,,,,,,,,,,,,,,,,,,,,,,,,,,,,,,,,,,
,,,,,,Alolan Vulpix,,,,,,Chi-Yu,,,Baxcalibur,,,Annihilape,,,Dondozo,,,Archaludon,,,Alolan Ninetales,,,Cresselia,,,Amoonguss,,,Alolan Muk,,,Alomomola,,,Alolan Persian,,,Abomasnow,,,Alolan Raichu,,,Alcremie,,,Alolan Exeggutor,,,Alolan Dugtrio,,,Alolan Vulpix,,,Aipom,,,,Great Tusk,X
,,,,,,Ariados,,,,,,Chien-Pao,,,Darkrai,,,Cinderace,,,Excadrill,,,Azelf,,,Azumarill,,,Enamorus-Therian,,,Arcanine,,,Araquanid,,,Blissey,,,Ambipom,,,Bellibolt,,,Alolan Sandslash,,,Arboliva,,,Altaria,,,Alolan Golem,,,Ariados,,,Alolan Diglett,,,,Deoxys-Speed,X
,,,,,,Banette,,,,,,Deoxys-Defense,,,Great Tusk,,,Enamorus-Incarnate,,,Galarian Slowking,,,Clefable,,,Conkeldurr,,,Haxorus,,,Basculegion,,,Armarouge,,,Bronzong,,,Brambleghast,,,Chansey,,,Articuno,,,Beartic,,,Carbink,,,Ampharos,,,Banette,,,Alolan Geodude,,,,Tornadus-Therian,X
,,,,,,Cacturne,,,,,,Deoxys-Speed,,,Kingambit,,,Garchomp,,,Gholdengo,,,Corviknight,,,Empoleon,,,Hisuian Arcanine,,,Blaziken,,,Barraskewda,,,Chesnaught,,,Brute Bonnet,,,Dragalge,,,Bombirdier,,,Bruxish,,,Clawitzer,,,Appletun,,,Cacturne,,,Alolan Graveler,,,,Porygon-Z,X
,,,,,,Calyrex,,,,,,Dragapult,,,Roaring Moon,,,Greninja,,,Gliscor,,,Dragonite,,,Galarian Moltres,,,Hisuian Zoroark,,,Breloom,,,Bisharp,,,Decidueye,,,Cetitan,,,Eelektross,,,Braviary,,,Charizard,,,Combusken,,,Arbok,,,Calyrex,,,Alolan Grimer,,,,Ogerpon,X
,,,,,,Charjabug,,,,,,Gouging Fire,,,,,,Iron Boulder,,,Heatran,,,Gengar,,,Galarian Zapdos,,,Kingdra,,,Ceruledge,,,Blastoise,,,Dudunsparce,,,Cloyster,,,Farigiraf,,,Copperajah,,,Coalossal,,,Crocalor,,,Avalugg,,,Charjabug,,,Alolan Meowth,,,,Milotic,X
,,,,,,Cramorant,,,,,,Iron Valiant,,,,,,Latios,,,Iron Moth,,,Hisuian Goodra,,,Garganacl,,,Kleavor,,,Clodsire,,,Chandelure,,,Flygon,,,Comfey,,,Flamigo,,,Electivire,,,Dachsbun,,,Cryogonal,,,Basculin,,,Cramorant,,,Alolan Sandshrew,,,,Tinkaton,X
,,,,,,Cutiefly,,,,,,Spectrier,,,,,,Manaphy,,,Iron Treads,,,Hisuian Lilligant,,,Glimmora,,,Mamoswine,,,Cobalion,,,Cinccino,,,Galarian Articuno,,,Cyclizar,,,Froslass,,,Floatzel,,,Ditto,,,Drifblim,,,Bastiodon,,,Cutiefly,,,Applin,,,,Gengar,X
,,,,,,Dedenne,,,,,,,,,,,,Meowscarada,,,Jirachi,,,Hisuian Samurott,,,Hatterene,,,Mandibuzz,,,Donphan,,,Crawdaunt,,,Glastrier,,,Diancie,,,Hariyama,,,Golurk,,,Dodrio,,,Duosion,,,Bellossom,,,Dedenne,,,Arctibax,,,,Crocalor,X
,,,,,,Dewgong,,,,,,,,,,,,Ogerpon-Hearthflame,,,Keldeo,,,Hydrapple,,,Hippowdon,,,Moltres,,,Entei,,,Delphox,,,Hisuian Electrode,,,Drednaw,,,Hisuian Qwilfish,,,Grafaiai,,,Dunsparce,,,Dusknoir,,,Camerupt,,,Dewgong,,,Arrokuda,,,,Alolan Persian,X
,,,,,,Diglett,,,,,,,,,,,,Ogerpon-Wellspring,,,Kyurem,,,Infernape,,,Hoopa-Unbound,,,Okidogi,,,Gallade,,,Dipplin,,,Hitmonlee,,,Duraludon,,,Hitmonchan,,,Granbull,,,Flapple,,,Exeggutor,,,Chimecho,,,Diglett,,,Axew,,,,,X
,,,,,,Dolliv,,,,,,,,,,,,Sneasler,,,Landorus-Therian,,,Kommo-o,,,Hydreigon,,,Primarina,,,Gardevoir,,,Emboar,,,Incineroar,,,Florges,,,Houndstone,,,Gurdurr,,,Gligar,,,Girafarig,,,Clefairy,,,Dolliv,,,Azurill,,,,,X
,,,,,,Dragonair,,,,,,,,,,,,Tornadus-Therian,,,Latias,,,Necrozma,,,Iron Crown,,,Raikou,,,Goodra,,,Espathra,,,Inteleon,,,Forretress,,,Jolteon,,,Haunter,,,Gothitelle,,,Houndoom,,,Crabominable,,,Dragonair,,,Bagon,,,,Meowscarada,X
,,,,,,Drakloak,,,,,,,,,,,,Ursaluna-Bloodmoon,,,Mew,,,Quaquaval,,,Iron Hands,,,Sandy Shocks,,,Grimmsnarl,,,Espeon,,,Kilowattrel,,,Frosmoth,,,Lycanroc-Midday,,,Indeedee,,,Hisuian Sneasel,,,Illumise,,,Dugtrio,,,Drakloak,,,Barboach,,,,Gliscor,X
,,,,,,Eiscue,,,,,,,,,,,,Walking Wake,,,Pechurant,,,Rillaboom,,,Iron Jugulis,,,Slither Wing,,,Gyarados,,,Feraligatr,,,Ninetales,,,Galarian Weezing,,,Mabosstiff,,,Lanturn,,,Komala,,,Klawf,,,Dusclops,,,Eiscue,,,Bayleef,,,,Alomomola,X
,,,,,,Falinks,,,,,,,,,,,,,,,Ursaluna,,,Rotom-Wash,,,Krookodile,,,Volcanion,,,Hawlucha,,,Fezandipiti,,,Porygon2,,,Hisuian Decidueye,,,Magneton,,,Ludicolo,,,Lurantis,,,Lapras,,,Electabuzz,,,Falinks,,,Beldum,,,,Alcremie,X
,,,,,,Frogadier,,,,,,,,,,,,,,,Volcarona,,,Salamence,,,Lycanroc-Dusk,,,Zarude,,,Heracross,,,Galarian Slowbro,,,Ribombee,,,Hisuian Typhlosion,,,Mismagius,,,Magmortar,,,Malamar,,,Leavanny,,,Electrode,,,Frogadier,,,Bellsprout,,,,Hydrapple,X
,,,,,,Glaceon,,,,,,,,,,,,,,,Weavile,,,Skeledirge,,,Metagross,,,,,,Klefki,,,Galvantula,,,Tentacruel,,,Hitmontop,,,Oricorio,,,Masquerain,,,Morpeko,,,Luxray,,,Flareon,,,Glaceon,,,Bergmite,,,,Electrode,X
,,,,,,Glalie,,,,,,,,,,,,,,,Zapdos,,,Thundurus-Incarnate,,,Munkidori,,,,,,Lucario,,,Gastrodon,,,Typhlosion,,,Medicham,,,Oricorio-Pom-Pom,,,Oricorio-Sensu,,,Paldean Tauros,,,Lycanroc-Midnight,,,Furret,,,Glalie,,,Blitzle,,,,Hariyama,X
,,,,,,Gloom,,,,,,,,,,,,,,,,,,Thundurus-Therian,,,Ogerpon,,,,,,Mienshao,,,Hisuian Braviary,,,Whimsicott,,,Mimikyu,,,Orthworm,,,Palossand,,,Perrserker,,,Meganium,,,Glimmet,,,Gloom,,,Bonsly,,,,Skeledirge,X
,,,,,,Golem,,,,,,,,,,,,,,,,,,Ting-Lu,,,Ogerpon-Cornerstone,,,,,,Milotic,,,Hoopa,,,,,,Mudsdale,,,Passimian,,,Poliwrath,,,Regigigas,,,Minior,,,Gogoat,,,Golem,,,Bounsweet,,,,Keldeo,X
,,,,,,Gothorita,,,,,,,,,,,,,,,,,,Tyranitar,,,Raging Bolt,,,,,,Paldean Tauros Aqua,,,Iron Leaves,,,,,,Piloswine,,,Pincurchin,,,Raichu,,,Scovillain,,,Misdreavus,,,Golduck,,,Gothorita,,,Braixen,,,,Forretress,X
,,,,,,Grotle,,,,,,,,,,,,,,,,,,,,,Reuniclus,,,,,,Paldean Tauros Blaze,,,Iron Thorns,,,,,,Polteageist,,,Politoed,,,Regirock,,,Smeargle,,,Muk,,,Greedent,,,Grotle,,,Bramblin,,,,Hatterene,X
,,,,,,Grumpig,,,,,,,,,,,,,,,,,,,,,Scizor,,,,,,Pelipper,,,Lokix,,,,,,Quagsire,,,Primeape,,,Rhydon,,,Spidops,,,Oricorio-Pau,,,Hisuian Sliggoo,,,Grumpig,,,Brionne,,,,,X
,,,,,,Gumshoos,,,,,,,,,,,,,,,,,,,,,Serperior,,,,,,Porygon-Z,,,Magnezone,,,,,,Registeel,,,Qwilfish,,,Rotom,,,Spiritomb,,,Phione,,,Honchkrow,,,Gumshoos,,,Bronzor,,,,Chi-Yu,X
,,,,,,Hakamo-o,,,,,,,,,,,,,,,,,,,,,Skarmory,,,,,,Regidrago,,,Maushold,,,,,,Revavroom,,,Rotom-Fan,,,Rotom-Frost,,,Tatsugiri,,,Probopass,,,Lilligant,,,Hakamo-o,,,Buizel,,,,Quaquaval,X
,,,,,,Hattrem,,,,,,,,,,,,,,,,,,,,,Slowking,,,,,,Regieleki,,,Meloetta,,,,,,Sandaconda,,,Scrafty,,,Sceptile,,,Trevenant,,,Pyroar,,,Magmar,,,Hattrem,,,Bulbasaur,,,,Raging Bolt,X
,,,,,,Hippopotas,,,,,,,,,,,,,,,,,,,,,Suicune,,,,,,Rotom-Heat,,,Mesprit,,,,,,Scyther,,,Shiftry,,,Weezing,,,Victreebel,,,Rabsca,,,Meowstic,,,Hippopotas,,,Cacnea,,,,Pechurant,X
,,,,,,Hisuian Avalugg,,,,,,,,,,,,,,,,,,,,,Swampert,,,,,,Scream Tail,,,Noivern,,,,,,Sneasel,,,Sinistcha,,,Zangoose,,,Vileplume,,,Sableye,,,Morgrem,,,Hisuian Avalugg,,,Capsakid,,,,Weavile,X
,,,,,,Hisuian Zorua,,,,,,,,,,,,,,,,,,,,,Terrakion,,,,,,Shaymin,,,Overqwil,,,,,,Tinkaton,,,Tauros,,,,,,,,,Samurott,,,Naclstack,,,Hisuian Zorua,,,Carkol,,,,Comfey,X
,,,,,,Hypno,,,,,,,,,,,,,,,,,,,,,Toxapex,,,,,,Slowbro,,,Pawmot,,,,,,Tsareena,,,Toedscruel,,,,,,,,,Sandslash,,,Oinkologne,,,Hypno,,,Cetoddle,,,,Donphan,X
,,,,,,Kricketune,,,,,,,,,,,,,,,,,,,,,,,,,,,Staraptor,,,Rhyperior,,,,,,Venomoth,,,Toxicroak,,,,,,,,,Skuntank,,,Persian,,,Kricketune,,,Charcadet,,,,Jirachi,X
,,,,,,Leafeon,,,,,,,,,,,,,,,,,,,,,,,,,,,Sylveon,,,Rotom-Mow,,,,,,Virizion,,,Ursaring,,,,,,,,,Swalot,,,Rampardos,,,Leafeon,,,Charmander,,,,Volbeat,X
,,,,,,Magcargo,,,,,,,,,,,,,,,,,,,,,,,,,,,Torkoal,,,Salazzle,,,,,,,,,Vikavolt,,,,,,,,,Thwackey,,,Regice,,,Magcargo,,,Charmeleon,,,,Sinistcha,X
,,,,,,Marshtomp,,,,,,,,,,,,,,,,,,,,,,,,,,,Tornadus-Incarnate,,,Snorlax,,,,,,,,,Wo-Chien,,,,,,,,,Volbeat,,,Stantler,,,Marshtomp,,,Chespin,,,,,X
,,,,,,Metang,,,,,,,,,,,,,,,,,,,,,,,,,,,Toxtricity,,,Talonflame,,,,,,,,,Zoroark,,,,,,,,,Wyrdeer,,,Tinkatuff,,,Metang,,,Chewtle,,,,,X
,,,,,,Monferno,,,,,,,,,,,,,,,,,,,,,,,,,,,Uxie,,,Torterra,,,,,,,,,,,,,,,,,,Zebstrika,,,,,,Monferno,,,Chikorita,,,,Ting-Lu,X
,,,,,,Murkrow,,,,,,,,,,,,,,,,,,,,,,,,,,,Vaporeon,,,Umbreon,,,,,,,,,,,,,,,,,,,,,,,,Murkrow,,,Chimchar,,,,Scream Tail,X
,,,,,,Oranguru,,,,,,,,,,,,,,,,,,,,,,,,,,,Venusaur,,,Yanmega,,,,,,,,,,,,,,,,,,,,,,,,Oranguru,,,Chingling,,,,Moltres,X
,,,,,,Pachirisu,,,,,,,,,,,,,,,,,,,,,,,,,,,,,,,,,,,,,,,,,,,,,,,,,,,,,,Pachirisu,,,Clauncher,,,,Porygon2,X
,,,,,,Prinplup,,,,,,,,,,,,,,,,,,,,,,,,,,,,,,,,,,,,,,,,,,,,,,,,,,,,,,Prinplup,,,Cleffa,,,,Decidueye,X
,,,,,,Quilladin,,,,,,,,,,,,,,,,,,,,,,,,,,,,,,,,,,,,,,,,,,,,,,,,,,,,,,Quilladin,,,Combee,,,,Klefki,X
,,,,,,Raboot,,,,,,,,,,,,,,,,,,,,,,,,,,,,,,,,,,,,,,,,,,,,,,,,,,,,,,Raboot,,,Corphish,,,,Tyranitar,X
,,,,,,Sawsbuck,,,,,,,,,,,,,,,,,,,,,,,,,,,,,,,,,,,,,,,,,,,,,,,,,,,,,,Sawsbuck,,,Corvisquire,,,,Phione,X
,,,,,,Servine,,,,,,,,,,,,,,,,,,,,,,,,,,,,,,,,,,,,,,,,,,,,,,,,,,,,,,Servine,,,Cottonee,,,,Latias,X
,,,,,,Shelgon,,,,,,,,,,,,,,,,,,,,,,,,,,,,,,,,,,,,,,,,,,,,,,,,,,,,,,Shelgon,,,Crabrawler,,,,Vikavolt,X
,,,,,,Slaking,,,,,,,,,,,,,,,,,,,,,,,,,,,,,,,,,,,,,,,,,,,,,,,,,,,,,,Slaking,,,Cranidos,,,,Toxapex,X
,,,,,,Sliggoo,,,,,,,,,,,,,,,,,,,,,,,,,,,,,,,,,,,,,,,,,,,,,,,,,,,,,,Sliggoo,,,Croagunk,,,,,X
,,,,,,Squawkabilly,,,,,,,,,,,,,,,,,,,,,,,,,,,,,,,,,,,,,,,,,,,,,,,,,,,,,,Squawkabilly,,,Croconaw,,,,Dragapult,X
,,,,,,Stonjourner,,,,,,,,,,,,,,,,,,,,,,,,,,,,,,,,,,,,,,,,,,,,,,,,,,,,,,Stonjourner,,,Cubchoo,,,,Corviknight,X
,,,,,,Sudowoodo,,,,,,,,,,,,,,,,,,,,,,,,,,,,,,,,,,,,,,,,,,,,,,,,,,,,,,Sudowoodo,,,Cufant,,,,Hisuian Samurott,X
,,,,,,Swanna,,,,,,,,,,,,,,,,,,,,,,,,,,,,,,,,,,,,,,,,,,,,,,,,,,,,,,Swanna,,,Cyndaquil,,,,Azelf,X
,,,,,,Toucannon,,,,,,,,,,,,,,,,,,,,,,,,,,,,,,,,,,,,,,,,,,,,,,,,,,,,,,Toucannon,,,Dartrix,,,,Excadrill,X
,,,,,,Tropius,,,,,,,,,,,,,,,,,,,,,,,,,,,,,,,,,,,,,,,,,,,,,,,,,,,,,,Tropius,,,Deerling,,,,Rotom-Heat,X
,,,,,,Veluza,,,,,,,,,,,,,,,,,,,,,,,,,,,,,,,,,,,,,,,,,,,,,,,,,,,,,,Veluza,,,Deino,,,,Glastrier,X
,,,,,,Vespiquen,,,,,,,,,,,,,,,,,,,,,,,,,,,,,,,,,,,,,,,,,,,,,,,,,,,,,,Vespiquen,,,Delibird,,,,Paldean Tauros,X
,,,,,,Vigoroth,,,,,,,,,,,,,,,,,,,,,,,,,,,,,,,,,,,,,,,,,,,,,,,,,,,,,,Vigoroth,,,Dewott,,,,Meloetta,X
,,,,,,Vivillon,,,,,,,,,,,,,,,,,,,,,,,,,,,,,,,,,,,,,,,,,,,,,,,,,,,,,,Vivillon,,,Doduo,,,,Fezandipiti,X
,,,,,,Vullaby,,,,,,,,,,,,,,,,,,,,,,,,,,,,,,,,,,,,,,,,,,,,,,,,,,,,,,Vullaby,,,Dratini,,,,,X
,,,,,,Vulpix,,,,,,,,,,,,,,,,,,,,,,,,,,,,,,,,,,,,,,,,,,,,,,,,,,,,,,Vulpix,,,Dreepy,,,,,X
,,,,,,Wartortle,,,,,,,,,,,,,,,,,,,,,,,,,,,,,,,,,,,,,,,,,,,,,,,,,,,,,,Wartortle,,,Drifloon,,,,Sneasler,X
,,,,,,Whiscash,,,,,,,,,,,,,,,,,,,,,,,,,,,,,,,,,,,,,,,,,,,,,,,,,,,,,,Whiscash,,,Drizzile,,,,Ursaluna-Bloodmoon,X
,,,,,,Wigglytuff,,,,,,,,,,,,,,,,,,,,,,,,,,,,,,,,,,,,,,,,,,,,,,,,,,,,,,Wigglytuff,,,Drowzee,,,,Rillaboom,X
,,,,,,,,,,,,,,,,,,,,,,,,,,,,,,,,,,,,,,,,,,,,,,,,,,,,,,,,,,,,,,,Ducklett,,,,Hoopa-Unbound,X
,,,,,,,,,,,,,,,,,,,,,,,,,,,,,,,,,,,,,,,,,,,,,,,,,,,,,,,,,,,,,,,Duskull,,,,Revavroom,X
,,,,,,,,,,,,,,,,,,,,,,,,,,,,,,,,,,,,,,,,,,,,,,,,,,,,,,,,,,,,,,,Eelektrik,,,,Diancie,X
,,,,,,,,,,,,,,,,,,,,,,,,,,,,,,,,,,,,,,,,,,,,,,,,,,,,,,,,,,,,,,,Eevee,,,,Rotom-Wash,X
,,,,,,,,,,,,,,,,,,,,,,,,,,,,,,,,,,,,,,,,,,,,,,,,,,,,,,,,,,,,,,,Ekans,,,,Hisuian Goodra,X
,,,,,,,,,,,,,,,,,,,,,,,,,,,,,,,,,,,,,,,,,,,,,,,,,,,,,,,,,,,,,,,Elekid,,,,Clawitzer,X
,,,,,,,,,,,,,,,,,,,,,,,,,,,,,,,,,,,,,,,,,,,,,,,,,,,,,,,,,,,,,,,Espurr,,,,Mandibuzz,X
,,,,,,,,,,,,,,,,,,,,,,,,,,,,,,,,,,,,,,,,,,,,,,,,,,,,,,,,,,,,,,,Exeggcute,,,,,X
,,,,,,,,,,,,,,,,,,,,,,,,,,,,,,,,,,,,,,,,,,,,,,,,,,,,,,,,,,,,,,,Feebas,,,,,X
,,,,,,,,,,,,,,,,,,,,,,,,,,,,,,,,,,,,,,,,,,,,,,,,,,,,,,,,,,,,,,,Fennekin,,,,Latios,X
,,,,,,,,,,,,,,,,,,,,,,,,,,,,,,,,,,,,,,,,,,,,,,,,,,,,,,,,,,,,,,,Fidough,,,,Iron Treads,X
,,,,,,,,,,,,,,,,,,,,,,,,,,,,,,,,,,,,,,,,,,,,,,,,,,,,,,,,,,,,,,,Finizen,,,,Ogerpon-Cornerstone,X
,,,,,,,,,,,,,,,,,,,,,,,,,,,,,,,,,,,,,,,,,,,,,,,,,,,,,,,,,,,,,,,Finneon,,,,Galarian Weezing,X
,,,,,,,,,,,,,,,,,,,,,,,,,,,,,,,,,,,,,,,,,,,,,,,,,,,,,,,,,,,,,,,Flaaffy,,,,Mamoswine,X
,,,,,,,,,,,,,,,,,,,,,,,,,,,,,,,,,,,,,,,,,,,,,,,,,,,,,,,,,,,,,,,Flabébé,,,,Ceruledge,X
,,,,,,,,,,,,,,,,,,,,,,,,,,,,,,,,,,,,,,,,,,,,,,,,,,,,,,,,,,,,,,,Fletchinder,,,,Enamorus-Therian,X
,,,,,,,,,,,,,,,,,,,,,,,,,,,,,,,,,,,,,,,,,,,,,,,,,,,,,,,,,,,,,,,Fletchling,,,,Rotom-Mow,X
,,,,,,,,,,,,,,,,,,,,,,,,,,,,,,,,,,,,,,,,,,,,,,,,,,,,,,,,,,,,,,,Flittle,,,,Arboliva,X
,,,,,,,,,,,,,,,,,,,,,,,,,,,,,,,,,,,,,,,,,,,,,,,,,,,,,,,,,,,,,,,Floette,,,,Mabosstiff,X
,,,,,,,,,,,,,,,,,,,,,,,,,,,,,,,,,,,,,,,,,,,,,,,,,,,,,,,,,,,,,,,Floragato,,,,Paldean Tauros Aqua,X
,,,,,,,,,,,,,,,,,,,,,,,,,,,,,,,,,,,,,,,,,,,,,,,,,,,,,,,,,,,,,,,Fomantis,,,,,X
,,,,,,,,,,,,,,,,,,,,,,,,,,,,,,,,,,,,,,,,,,,,,,,,,,,,,,,,,,,,,,,Foongus,,,,Hisuian Zoroark,X
,,,,,,,,,,,,,,,,,,,,,,,,,,,,,,,,,,,,,,,,,,,,,,,,,,,,,,,,,,,,,,,Fraxure,,,,Roaring Moon,X
,,,,,,,,,,,,,,,,,,,,,,,,,,,,,,,,,,,,,,,,,,,,,,,,,,,,,,,,,,,,,,,Frigibax,,,,Iron Moth,X
,,,,,,,,,,,,,,,,,,,,,,,,,,,,,,,,,,,,,,,,,,,,,,,,,,,,,,,,,,,,,,,Froakie,,,,Skarmory,X
,,,,,,,,,,,,,,,,,,,,,,,,,,,,,,,,,,,,,,,,,,,,,,,,,,,,,,,,,,,,,,,Fuecoco,,,,Annihilape,X
,,,,,,,,,,,,,,,,,,,,,,,,,,,,,,,,,,,,,,,,,,,,,,,,,,,,,,,,,,,,,,,Gabite,,,,Blissey,X
,,,,,,,,,,,,,,,,,,,,,,,,,,,,,,,,,,,,,,,,,,,,,,,,,,,,,,,,,,,,,,,Galarian Meowth,,,,Toedscruel,X
,,,,,,,,,,,,,,,,,,,,,,,,,,,,,,,,,,,,,,,,,,,,,,,,,,,,,,,,,,,,,,,Galarian Slowpoke,,,,Ribombee,X
,,,,,,,,,,,,,,,,,,,,,,,,,,,,,,,,,,,,,,,,,,,,,,,,,,,,,,,,,,,,,,,Gastly,,,,Avalugg,X
,,,,,,,,,,,,,,,,,,,,,,,,,,,,,,,,,,,,,,,,,,,,,,,,,,,,,,,,,,,,,,,Geodude,,,,Lycanroc-Dusk,X
,,,,,,,,,,,,,,,,,,,,,,,,,,,,,,,,,,,,,,,,,,,,,,,,,,,,,,,,,,,,,,,Gible,,,,Lanturn,X
,,,,,,,,,,,,,,,,,,,,,,,,,,,,,,,,,,,,,,,,,,,,,,,,,,,,,,,,,,,,,,,Gimmighoul,,,,,X
,,,,,,,,,,,,,,,,,,,,,,,,,,,,,,,,,,,,,,,,,,,,,,,,,,,,,,,,,,,,,,,Golett,,,,Gouging Fire,X
,,,,,,,,,,,,,,,,,,,,,,,,,,,,,,,,,,,,,,,,,,,,,,,,,,,,,,,,,,,,,,,Goomy,,,,Enamorus-Incarnate,X
,,,,,,,,,,,,,,,,,,,,,,,,,,,,,,,,,,,,,,,,,,,,,,,,,,,,,,,,,,,,,,,Gothita,,,,Gholdengo,X
,,,,,,,,,,,,,,,,,,,,,,,,,,,,,,,,,,,,,,,,,,,,,,,,,,,,,,,,,,,,,,,Graveler,,,,Hisuian Electrode,X
,,,,,,,,,,,,,,,,,,,,,,,,,,,,,,,,,,,,,,,,,,,,,,,,,,,,,,,,,,,,,,,Greavard,,,,Tentacruel,X
,,,,,,,,,,,,,,,,,,,,,,,,,,,,,,,,,,,,,,,,,,,,,,,,,,,,,,,,,,,,,,,Grimer,,,,Krookodile,X
,,,,,,,,,,,,,,,,,,,,,,,,,,,,,,,,,,,,,,,,,,,,,,,,,,,,,,,,,,,,,,,Grookey,,,,Appletun,X
,,,,,,,,,,,,,,,,,,,,,,,,,,,,,,,,,,,,,,,,,,,,,,,,,,,,,,,,,,,,,,,Grovyle,,,,Galarian Zapdos,X
,,,,,,,,,,,,,,,,,,,,,,,,,,,,,,,,,,,,,,,,,,,,,,,,,,,,,,,,,,,,,,,Growlithe,,,,Cresselia,X
,,,,,,,,,,,,,,,,,,,,,,,,,,,,,,,,,,,,,,,,,,,,,,,,,,,,,,,,,,,,,,,Grubbin,,,,Quagsire,X
,,,,,,,,,,,,,,,,,,,,,,,,,,,,,,,,,,,,,,,,,,,,,,,,,,,,,,,,,,,,,,,Gulpin,,,,Basculin,X
,,,,,,,,,,,,,,,,,,,,,,,,,,,,,,,,,,,,,,,,,,,,,,,,,,,,,,,,,,,,,,,Happiny,,,,,X
,,,,,,,,,,,,,,,,,,,,,,,,,,,,,,,,,,,,,,,,,,,,,,,,,,,,,,,,,,,,,,,Hatenna,,,,Spectrier,X
,,,,,,,,,,,,,,,,,,,,,,,,,,,,,,,,,,,,,,,,,,,,,,,,,,,,,,,,,,,,,,,Hisuian Growlithe,,,,Iron Boulder,X
,,,,,,,,,,,,,,,,,,,,,,,,,,,,,,,,,,,,,,,,,,,,,,,,,,,,,,,,,,,,,,,Hisuian Voltorb,,,,Thundurus-Therian,X
,,,,,,,,,,,,,,,,,,,,,,,,,,,,,,,,,,,,,,,,,,,,,,,,,,,,,,,,,,,,,,,Hoothoot,,,,Flygon,X
,,,,,,,,,,,,,,,,,,,,,,,,,,,,,,,,,,,,,,,,,,,,,,,,,,,,,,,,,,,,,,,Hoppip,,,,Clefable,X
,,,,,,,,,,,,,,,,,,,,,,,,,,,,,,,,,,,,,,,,,,,,,,,,,,,,,,,,,,,,,,,Houndour,,,,Blastoise,X
,,,,,,,,,,,,,,,,,,,,,,,,,,,,,,,,,,,,,,,,,,,,,,,,,,,,,,,,,,,,,,,Igglybuff,,,,Magmortar,X
,,,,,,,,,,,,,,,,,,,,,,,,,,,,,,,,,,,,,,,,,,,,,,,,,,,,,,,,,,,,,,,Impidimp,,,,Hisuian Qwilfish,X
,,,,,,,,,,,,,,,,,,,,,,,,,,,,,,,,,,,,,,,,,,,,,,,,,,,,,,,,,,,,,,,Inkay,,,,Sceptile,X
,,,,,,,,,,,,,,,,,,,,,,,,,,,,,,,,,,,,,,,,,,,,,,,,,,,,,,,,,,,,,,,Ivysaur,,,,Duraludon,X
,,,,,,,,,,,,,,,,,,,,,,,,,,,,,,,,,,,,,,,,,,,,,,,,,,,,,,,,,,,,,,,Jangmo-o,,,,Slither Wing,X
,,,,,,,,,,,,,,,,,,,,,,,,,,,,,,,,,,,,,,,,,,,,,,,,,,,,,,,,,,,,,,,Jigglypuff,,,,,X
,,,,,,,,,,,,,,,,,,,,,,,,,,,,,,,,,,,,,,,,,,,,,,,,,,,,,,,,,,,,,,,Jumpluff,,,,Iron Valiant,X
,,,,,,,,,,,,,,,,,,,,,,,,,,,,,,,,,,,,,,,,,,,,,,,,,,,,,,,,,,,,,,,Kirlia,,,,Baxcalibur,X
,,,,,,,,,,,,,,,,,,,,,,,,,,,,,,,,,,,,,,,,,,,,,,,,,,,,,,,,,,,,,,,Koffing,,,,Galarian Slowking,X
,,,,,,,,,,,,,,,,,,,,,,,,,,,,,,,,,,,,,,,,,,,,,,,,,,,,,,,,,,,,,,,Kricketot,,,,Landorus-Therian,X
,,,,,,,,,,,,,,,,,,,,,,,,,,,,,,,,,,,,,,,,,,,,,,,,,,,,,,,,,,,,,,,Krokorok,,,,Primarina,X
,,,,,,,,,,,,,,,,,,,,,,,,,,,,,,,,,,,,,,,,,,,,,,,,,,,,,,,,,,,,,,,Kubfu,,,,Heatran,X
,,,,,,,,,,,,,,,,,,,,,,,,,,,,,,,,,,,,,,,,,,,,,,,,,,,,,,,,,,,,,,,Lampent,,,,Regieleki,X
,,,,,,,,,,,,,,,,,,,,,,,,,,,,,,,,,,,,,,,,,,,,,,,,,,,,,,,,,,,,,,,Larvesta,,,,Incineroar,X
,,,,,,,,,,,,,,,,,,,,,,,,,,,,,,,,,,,,,,,,,,,,,,,,,,,,,,,,,,,,,,,Larvitar,,,,Lurantis,X
,,,,,,,,,,,,,,,,,,,,,,,,,,,,,,,,,,,,,,,,,,,,,,,,,,,,,,,,,,,,,,,Lechonk,,,,Naclstack,X
,,,,,,,,,,,,,,,,,,,,,,,,,,,,,,,,,,,,,,,,,,,,,,,,,,,,,,,,,,,,,,,Litleo,,,,,X
,,,,,,,,,,,,,,,,,,,,,,,,,,,,,,,,,,,,,,,,,,,,,,,,,,,,,,,,,,,,,,,Litten,,,,,X
,,,,,,,,,,,,,,,,,,,,,,,,,,,,,,,,,,,,,,,,,,,,,,,,,,,,,,,,,,,,,,,Litwick,,,,Greninja,X
,,,,,,,,,,,,,,,,,,,,,,,,,,,,,,,,,,,,,,,,,,,,,,,,,,,,,,,,,,,,,,,Lombre,,,,Kyurem,X
,,,,,,,,,,,,,,,,,,,,,,,,,,,,,,,,,,,,,,,,,,,,,,,,,,,,,,,,,,,,,,,Lotad,,,,Metagross,X
,,,,,,,,,,,,,,,,,,,,,,,,,,,,,,,,,,,,,,,,,,,,,,,,,,,,,,,,,,,,,,,Lumineon,,,,Whimsicott,X
,,,,,,,,,,,,,,,,,,,,,,,,,,,,,,,,,,,,,,,,,,,,,,,,,,,,,,,,,,,,,,,Luvdisc,,,,Golurk,X
,,,,,,,,,,,,,,,,,,,,,,,,,,,,,,,,,,,,,,,,,,,,,,,,,,,,,,,,,,,,,,,Luxio,,,,Typhlosion,X
,,,,,,,,,,,,,,,,,,,,,,,,,,,,,,,,,,,,,,,,,,,,,,,,,,,,,,,,,,,,,,,Magby,,,,Electivire,X
,,,,,,,,,,,,,,,,,,,,,,,,,,,,,,,,,,,,,,,,,,,,,,,,,,,,,,,,,,,,,,,Magikarp,,,,Dragonite,X
,,,,,,,,,,,,,,,,,,,,,,,,,,,,,,,,,,,,,,,,,,,,,,,,,,,,,,,,,,,,,,,Magnemite,,,,Alolan Muk,X
,,,,,,,,,,,,,,,,,,,,,,,,,,,,,,,,,,,,,,,,,,,,,,,,,,,,,,,,,,,,,,,Makuhita,,,,Hitmonchan,X
,,,,,,,,,,,,,,,,,,,,,,,,,,,,,,,,,,,,,,,,,,,,,,,,,,,,,,,,,,,,,,,Mankey,,,,Mew,X
,,,,,,,,,,,,,,,,,,,,,,,,,,,,,,,,,,,,,,,,,,,,,,,,,,,,,,,,,,,,,,,Mareanie,,,,,X
,,,,,,,,,,,,,,,,,,,,,,,,,,,,,,,,,,,,,,,,,,,,,,,,,,,,,,,,,,,,,,,Mareep,,,,Chien-Pao,X
,,,,,,,,,,,,,,,,,,,,,,,,,,,,,,,,,,,,,,,,,,,,,,,,,,,,,,,,,,,,,,,Marill,,,,Suicune,X
,,,,,,,,,,,,,,,,,,,,,,,,,,,,,,,,,,,,,,,,,,,,,,,,,,,,,,,,,,,,,,,Maschiff,,,,Clodsire,X
,,,,,,,,,,,,,,,,,,,,,,,,,,,,,,,,,,,,,,,,,,,,,,,,,,,,,,,,,,,,,,,Meditite,,,,Cinderace,X
,,,,,,,,,,,,,,,,,,,,,,,,,,,,,,,,,,,,,,,,,,,,,,,,,,,,,,,,,,,,,,,Meowth,,,,Galarian Articuno,X
,,,,,,,,,,,,,,,,,,,,,,,,,,,,,,,,,,,,,,,,,,,,,,,,,,,,,,,,,,,,,,,Mienfoo,,,,Orthworm,X
,,,,,,,,,,,,,,,,,,,,,,,,,,,,,,,,,,,,,,,,,,,,,,,,,,,,,,,,,,,,,,,Mightyena,,,,Hitmontop,X
,,,,,,,,,,,,,,,,,,,,,,,,,,,,,,,,,,,,,,,,,,,,,,,,,,,,,,,,,,,,,,,Milcery,,,,Florges,X
,,,,,,,,,,,,,,,,,,,,,,,,,,,,,,,,,,,,,,,,,,,,,,,,,,,,,,,,,,,,,,,Minun,,,,Thundurus-Incarnate,X
,,,,,,,,,,,,,,,,,,,,,,,,,,,,,,,,,,,,,,,,,,,,,,,,,,,,,,,,,,,,,,,Mudbray,,,,Ogerpon-Wellspring,X
,,,,,,,,,,,,,,,,,,,,,,,,,,,,,,,,,,,,,,,,,,,,,,,,,,,,,,,,,,,,,,,Mudkip,,,,,X
,,,,,,,,,,,,,,,,,,,,,,,,,,,,,,,,,,,,,,,,,,,,,,,,,,,,,,,,,,,,,,,Munchlax,,,,,X
,,,,,,,,,,,,,,,,,,,,,,,,,,,,,,,,,,,,,,,,,,,,,,,,,,,,,,,,,,,,,,,Nacli,,,,Darkrai,X
,,,,,,,,,,,,,,,,,,,,,,,,,,,,,,,,,,,,,,,,,,,,,,,,,,,,,,,,,,,,,,,Noctowl,,,,Garchomp,X
,,,,,,,,,,,,,,,,,,,,,,,,,,,,,,,,,,,,,,,,,,,,,,,,,,,,,,,,,,,,,,,Noibat,,,,Ogerpon-Hearthflame,X
,,,,,,,,,,,,,,,,,,,,,,,,,,,,,,,,,,,,,,,,,,,,,,,,,,,,,,,,,,,,,,,Nosepass,,,,Slowking,X
,,,,,,,,,,,,,,,,,,,,,,,,,,,,,,,,,,,,,,,,,,,,,,,,,,,,,,,,,,,,,,,Numel,,,,Scizor,X
,,,,,,,,,,,,,,,,,,,,,,,,,,,,,,,,,,,,,,,,,,,,,,,,,,,,,,,,,,,,,,,Nuzleaf,,,,Glimmora,X
,,,,,,,,,,,,,,,,,,,,,,,,,,,,,,,,,,,,,,,,,,,,,,,,,,,,,,,,,,,,,,,Nymble,,,,Cyclizar,X
,,,,,,,,,,,,,,,,,,,,,,,,,,,,,,,,,,,,,,,,,,,,,,,,,,,,,,,,,,,,,,,Oddish,,,,Sylveon,X
,,,,,,,,,,,,,,,,,,,,,,,,,,,,,,,,,,,,,,,,,,,,,,,,,,,,,,,,,,,,,,,Paldean Wooper,,,,Primeape,X
,,,,,,,,,,,,,,,,,,,,,,,,,,,,,,,,,,,,,,,,,,,,,,,,,,,,,,,,,,,,,,,Pawmi,,,,Oricorio-Sensu,X
,,,,,,,,,,,,,,,,,,,,,,,,,,,,,,,,,,,,,,,,,,,,,,,,,,,,,,,,,,,,,,,Pawmo,,,,,X
,,,,,,,,,,,,,,,,,,,,,,,,,,,,,,,,,,,,,,,,,,,,,,,,,,,,,,,,,,,,,,,Pawniard,,,,,X
,,,,,,,,,,,,,,,,,,,,,,,,,,,,,,,,,,,,,,,,,,,,,,,,,,,,,,,,,,,,,,,Petilil,,,,,X
,,,,,,,,,,,,,,,,,,,,,,,,,,,,,,,,,,,,,,,,,,,,,,,,,,,,,,,,,,,,,,,Phanpy,,,,,X
,,,,,,,,,,,,,,,,,,,,,,,,,,,,,,,,,,,,,,,,,,,,,,,,,,,,,,,,,,,,,,,Phantump,,,,,X
,,,,,,,,,,,,,,,,,,,,,,,,,,,,,,,,,,,,,,,,,,,,,,,,,,,,,,,,,,,,,,,Pichu,,,,,X
,,,,,,,,,,,,,,,,,,,,,,,,,,,,,,,,,,,,,,,,,,,,,,,,,,,,,,,,,,,,,,,Pignite,,,,,X
,,,,,,,,,,,,,,,,,,,,,,,,,,,,,,,,,,,,,,,,,,,,,,,,,,,,,,,,,,,,,,,Pikachu,,,,,X
,,,,,,,,,,,,,,,,,,,,,,,,,,,,,,,,,,,,,,,,,,,,,,,,,,,,,,,,,,,,,,,Pikipek,,,,,X
,,,,,,,,,,,,,,,,,,,,,,,,,,,,,,,,,,,,,,,,,,,,,,,,,,,,,,,,,,,,,,,Pineco,,,,,X
,,,,,,,,,,,,,,,,,,,,,,,,,,,,,,,,,,,,,,,,,,,,,,,,,,,,,,,,,,,,,,,Piplup,,,,,X
,,,,,,,,,,,,,,,,,,,,,,,,,,,,,,,,,,,,,,,,,,,,,,,,,,,,,,,,,,,,,,,Plusle,,,,,X
,,,,,,,,,,,,,,,,,,,,,,,,,,,,,,,,,,,,,,,,,,,,,,,,,,,,,,,,,,,,,,,Poliwag,,,,,X
,,,,,,,,,,,,,,,,,,,,,,,,,,,,,,,,,,,,,,,,,,,,,,,,,,,,,,,,,,,,,,,Poliwhirl,,,,,X
,,,,,,,,,,,,,,,,,,,,,,,,,,,,,,,,,,,,,,,,,,,,,,,,,,,,,,,,,,,,,,,Poltchageist,,,,,X
,,,,,,,,,,,,,,,,,,,,,,,,,,,,,,,,,,,,,,,,,,,,,,,,,,,,,,,,,,,,,,,Poochyena,,,,,X
,,,,,,,,,,,,,,,,,,,,,,,,,,,,,,,,,,,,,,,,,,,,,,,,,,,,,,,,,,,,,,,Popplio,,,,,X
,,,,,,,,,,,,,,,,,,,,,,,,,,,,,,,,,,,,,,,,,,,,,,,,,,,,,,,,,,,,,,,Porygon,,,,,X
,,,,,,,,,,,,,,,,,,,,,,,,,,,,,,,,,,,,,,,,,,,,,,,,,,,,,,,,,,,,,,,Psyduck,,,,,X
,,,,,,,,,,,,,,,,,,,,,,,,,,,,,,,,,,,,,,,,,,,,,,,,,,,,,,,,,,,,,,,Pupitar,,,,,X
,,,,,,,,,,,,,,,,,,,,,,,,,,,,,,,,,,,,,,,,,,,,,,,,,,,,,,,,,,,,,,,Quaxly,,,,,X
,,,,,,,,,,,,,,,,,,,,,,,,,,,,,,,,,,,,,,,,,,,,,,,,,,,,,,,,,,,,,,,Quaxwell,,,,,X
,,,,,,,,,,,,,,,,,,,,,,,,,,,,,,,,,,,,,,,,,,,,,,,,,,,,,,,,,,,,,,,Quilava,,,,,X
,,,,,,,,,,,,,,,,,,,,,,,,,,,,,,,,,,,,,,,,,,,,,,,,,,,,,,,,,,,,,,,Ralts,,,,,X
,,,,,,,,,,,,,,,,,,,,,,,,,,,,,,,,,,,,,,,,,,,,,,,,,,,,,,,,,,,,,,,Rellor,,,,,X
,,,,,,,,,,,,,,,,,,,,,,,,,,,,,,,,,,,,,,,,,,,,,,,,,,,,,,,,,,,,,,,Rhyhorn,,,,,X
,,,,,,,,,,,,,,,,,,,,,,,,,,,,,,,,,,,,,,,,,,,,,,,,,,,,,,,,,,,,,,,Riolu,,,,,
,,,,,,,,,,,,,,,,,,,,,,,,,,,,,,,,,,,,,,,,,,,,,,,,,,,,,,,,,,,,,,,Rockruff,,,,,
,,,,,,,,,,,,,,,,,,,,,,,,,,,,,,,,,,,,,,,,,,,,,,,,,,,,,,,,,,,,,,,Rolycoly,,,,,
,,,,,,,,,,,,,,,,,,,,,,,,,,,,,,,,,,,,,,,,,,,,,,,,,,,,,,,,,,,,,,,Rookidee,,,,,
,,,,,,,,,,,,,,,,,,,,,,,,,,,,,,,,,,,,,,,,,,,,,,,,,,,,,,,,,,,,,,,Rowlet,,,,,
,,,,,,,,,,,,,,,,,,,,,,,,,,,,,,,,,,,,,,,,,,,,,,,,,,,,,,,,,,,,,,,Rufflet,,,,,
,,,,,,,,,,,,,,,,,,,,,,,,,,,,,,,,,,,,,,,,,,,,,,,,,,,,,,,,,,,,,,,Salandit,,,,,
,,,,,,,,,,,,,,,,,,,,,,,,,,,,,,,,,,,,,,,,,,,,,,,,,,,,,,,,,,,,,,,Sandile,,,,,
,,,,,,,,,,,,,,,,,,,,,,,,,,,,,,,,,,,,,,,,,,,,,,,,,,,,,,,,,,,,,,,Sandshrew,,,,,
,,,,,,,,,,,,,,,,,,,,,,,,,,,,,,,,,,,,,,,,,,,,,,,,,,,,,,,,,,,,,,,Sandygast,,,,,
,,,,,,,,,,,,,,,,,,,,,,,,,,,,,,,,,,,,,,,,,,,,,,,,,,,,,,,,,,,,,,,Scatterbug,,,,,
,,,,,,,,,,,,,,,,,,,,,,,,,,,,,,,,,,,,,,,,,,,,,,,,,,,,,,,,,,,,,,,Scorbunny,,,,,
,,,,,,,,,,,,,,,,,,,,,,,,,,,,,,,,,,,,,,,,,,,,,,,,,,,,,,,,,,,,,,,Seedot,,,,,
,,,,,,,,,,,,,,,,,,,,,,,,,,,,,,,,,,,,,,,,,,,,,,,,,,,,,,,,,,,,,,,Seel,,,,,
,,,,,,,,,,,,,,,,,,,,,,,,,,,,,,,,,,,,,,,,,,,,,,,,,,,,,,,,,,,,,,,Sentret,,,,,
,,,,,,,,,,,,,,,,,,,,,,,,,,,,,,,,,,,,,,,,,,,,,,,,,,,,,,,,,,,,,,,Seviper,,,,,
,,,,,,,,,,,,,,,,,,,,,,,,,,,,,,,,,,,,,,,,,,,,,,,,,,,,,,,,,,,,,,,Sewaddle,,,,,
,,,,,,,,,,,,,,,,,,,,,,,,,,,,,,,,,,,,,,,,,,,,,,,,,,,,,,,,,,,,,,,Shellder,,,,,
,,,,,,,,,,,,,,,,,,,,,,,,,,,,,,,,,,,,,,,,,,,,,,,,,,,,,,,,,,,,,,,Shellos,,,,,
,,,,,,,,,,,,,,,,,,,,,,,,,,,,,,,,,,,,,,,,,,,,,,,,,,,,,,,,,,,,,,,Shieldon,,,,,
,,,,,,,,,,,,,,,,,,,,,,,,,,,,,,,,,,,,,,,,,,,,,,,,,,,,,,,,,,,,,,,Shinx,,,,,
,,,,,,,,,,,,,,,,,,,,,,,,,,,,,,,,,,,,,,,,,,,,,,,,,,,,,,,,,,,,,,,Shroodle,,,,,
,,,,,,,,,,,,,,,,,,,,,,,,,,,,,,,,,,,,,,,,,,,,,,,,,,,,,,,,,,,,,,,Shroomish,,,,,
,,,,,,,,,,,,,,,,,,,,,,,,,,,,,,,,,,,,,,,,,,,,,,,,,,,,,,,,,,,,,,,Shuppet,,,,,
,,,,,,,,,,,,,,,,,,,,,,,,,,,,,,,,,,,,,,,,,,,,,,,,,,,,,,,,,,,,,,,Silicobra,,,,,
,,,,,,,,,,,,,,,,,,,,,,,,,,,,,,,,,,,,,,,,,,,,,,,,,,,,,,,,,,,,,,,Sinistea,,,,,
,,,,,,,,,,,,,,,,,,,,,,,,,,,,,,,,,,,,,,,,,,,,,,,,,,,,,,,,,,,,,,,Skiddo,,,,,
,,,,,,,,,,,,,,,,,,,,,,,,,,,,,,,,,,,,,,,,,,,,,,,,,,,,,,,,,,,,,,,Skiploom,,,,,
,,,,,,,,,,,,,,,,,,,,,,,,,,,,,,,,,,,,,,,,,,,,,,,,,,,,,,,,,,,,,,,Skrelp,,,,,
,,,,,,,,,,,,,,,,,,,,,,,,,,,,,,,,,,,,,,,,,,,,,,,,,,,,,,,,,,,,,,,Skwovet,,,,,
,,,,,,,,,,,,,,,,,,,,,,,,,,,,,,,,,,,,,,,,,,,,,,,,,,,,,,,,,,,,,,,Slakoth,,,,,
,,,,,,,,,,,,,,,,,,,,,,,,,,,,,,,,,,,,,,,,,,,,,,,,,,,,,,,,,,,,,,,Slowpoke,,,,,
,,,,,,,,,,,,,,,,,,,,,,,,,,,,,,,,,,,,,,,,,,,,,,,,,,,,,,,,,,,,,,,Slugma,,,,,
,,,,,,,,,,,,,,,,,,,,,,,,,,,,,,,,,,,,,,,,,,,,,,,,,,,,,,,,,,,,,,,Smoliv,,,,,
,,,,,,,,,,,,,,,,,,,,,,,,,,,,,,,,,,,,,,,,,,,,,,,,,,,,,,,,,,,,,,,Snivy,,,,,
,,,,,,,,,,,,,,,,,,,,,,,,,,,,,,,,,,,,,,,,,,,,,,,,,,,,,,,,,,,,,,,Snom,,,,,
,,,,,,,,,,,,,,,,,,,,,,,,,,,,,,,,,,,,,,,,,,,,,,,,,,,,,,,,,,,,,,,Snorunt,,,,,
,,,,,,,,,,,,,,,,,,,,,,,,,,,,,,,,,,,,,,,,,,,,,,,,,,,,,,,,,,,,,,,Snover,,,,,
,,,,,,,,,,,,,,,,,,,,,,,,,,,,,,,,,,,,,,,,,,,,,,,,,,,,,,,,,,,,,,,Sobble,,,,,
,,,,,,,,,,,,,,,,,,,,,,,,,,,,,,,,,,,,,,,,,,,,,,,,,,,,,,,,,,,,,,,Solosis,,,,,
,,,,,,,,,,,,,,,,,,,,,,,,,,,,,,,,,,,,,,,,,,,,,,,,,,,,,,,,,,,,,,,Spewpa,,,,,
,,,,,,,,,,,,,,,,,,,,,,,,,,,,,,,,,,,,,,,,,,,,,,,,,,,,,,,,,,,,,,,Spinarak,,,,,
,,,,,,,,,,,,,,,,,,,,,,,,,,,,,,,,,,,,,,,,,,,,,,,,,,,,,,,,,,,,,,,Spoink,,,,,
,,,,,,,,,,,,,,,,,,,,,,,,,,,,,,,,,,,,,,,,,,,,,,,,,,,,,,,,,,,,,,,Sprigatito,,,,,
,,,,,,,,,,,,,,,,,,,,,,,,,,,,,,,,,,,,,,,,,,,,,,,,,,,,,,,,,,,,,,,Squirtle,,,,,
,,,,,,,,,,,,,,,,,,,,,,,,,,,,,,,,,,,,,,,,,,,,,,,,,,,,,,,,,,,,,,,Staravia,,,,,
,,,,,,,,,,,,,,,,,,,,,,,,,,,,,,,,,,,,,,,,,,,,,,,,,,,,,,,,,,,,,,,Starly,,,,,
,,,,,,,,,,,,,,,,,,,,,,,,,,,,,,,,,,,,,,,,,,,,,,,,,,,,,,,,,,,,,,,Steenee,,,,,
,,,,,,,,,,,,,,,,,,,,,,,,,,,,,,,,,,,,,,,,,,,,,,,,,,,,,,,,,,,,,,,Stunky,,,,,
,,,,,,,,,,,,,,,,,,,,,,,,,,,,,,,,,,,,,,,,,,,,,,,,,,,,,,,,,,,,,,,Sunflora,,,,,
,,,,,,,,,,,,,,,,,,,,,,,,,,,,,,,,,,,,,,,,,,,,,,,,,,,,,,,,,,,,,,,Sunkern,,,,,
,,,,,,,,,,,,,,,,,,,,,,,,,,,,,,,,,,,,,,,,,,,,,,,,,,,,,,,,,,,,,,,Surskit,,,,,
,,,,,,,,,,,,,,,,,,,,,,,,,,,,,,,,,,,,,,,,,,,,,,,,,,,,,,,,,,,,,,,Swablu,,,,,
,,,,,,,,,,,,,,,,,,,,,,,,,,,,,,,,,,,,,,,,,,,,,,,,,,,,,,,,,,,,,,,Swadloon,,,,,
,,,,,,,,,,,,,,,,,,,,,,,,,,,,,,,,,,,,,,,,,,,,,,,,,,,,,,,,,,,,,,,Swinub,,,,,
,,,,,,,,,,,,,,,,,,,,,,,,,,,,,,,,,,,,,,,,,,,,,,,,,,,,,,,,,,,,,,,Tadbulb,,,,,
,,,,,,,,,,,,,,,,,,,,,,,,,,,,,,,,,,,,,,,,,,,,,,,,,,,,,,,,,,,,,,,Tandemaus,,,,,
,,,,,,,,,,,,,,,,,,,,,,,,,,,,,,,,,,,,,,,,,,,,,,,,,,,,,,,,,,,,,,,Tarountula,,,,,
,,,,,,,,,,,,,,,,,,,,,,,,,,,,,,,,,,,,,,,,,,,,,,,,,,,,,,,,,,,,,,,Teddiursa,,,,,
,,,,,,,,,,,,,,,,,,,,,,,,,,,,,,,,,,,,,,,,,,,,,,,,,,,,,,,,,,,,,,,Tepig,,,,,
,,,,,,,,,,,,,,,,,,,,,,,,,,,,,,,,,,,,,,,,,,,,,,,,,,,,,,,,,,,,,,,Timburr,,,,,
,,,,,,,,,,,,,,,,,,,,,,,,,,,,,,,,,,,,,,,,,,,,,,,,,,,,,,,,,,,,,,,Tinkatink,,,,,
,,,,,,,,,,,,,,,,,,,,,,,,,,,,,,,,,,,,,,,,,,,,,,,,,,,,,,,,,,,,,,,Toedscool,,,,,
,,,,,,,,,,,,,,,,,,,,,,,,,,,,,,,,,,,,,,,,,,,,,,,,,,,,,,,,,,,,,,,Torchic,,,,,
,,,,,,,,,,,,,,,,,,,,,,,,,,,,,,,,,,,,,,,,,,,,,,,,,,,,,,,,,,,,,,,Torracat,,,,,
,,,,,,,,,,,,,,,,,,,,,,,,,,,,,,,,,,,,,,,,,,,,,,,,,,,,,,,,,,,,,,,Totodile,,,,,
,,,,,,,,,,,,,,,,,,,,,,,,,,,,,,,,,,,,,,,,,,,,,,,,,,,,,,,,,,,,,,,Toxel,,,,,
,,,,,,,,,,,,,,,,,,,,,,,,,,,,,,,,,,,,,,,,,,,,,,,,,,,,,,,,,,,,,,,Trapinch,,,,,
,,,,,,,,,,,,,,,,,,,,,,,,,,,,,,,,,,,,,,,,,,,,,,,,,,,,,,,,,,,,,,,Treecko,,,,,
,,,,,,,,,,,,,,,,,,,,,,,,,,,,,,,,,,,,,,,,,,,,,,,,,,,,,,,,,,,,,,,Trumbeak,,,,,
,,,,,,,,,,,,,,,,,,,,,,,,,,,,,,,,,,,,,,,,,,,,,,,,,,,,,,,,,,,,,,,Turtwig,,,,,
,,,,,,,,,,,,,,,,,,,,,,,,,,,,,,,,,,,,,,,,,,,,,,,,,,,,,,,,,,,,,,,Tynamo,,,,,
,,,,,,,,,,,,,,,,,,,,,,,,,,,,,,,,,,,,,,,,,,,,,,,,,,,,,,,,,,,,,,,Tyrogue,,,,,
,,,,,,,,,,,,,,,,,,,,,,,,,,,,,,,,,,,,,,,,,,,,,,,,,,,,,,,,,,,,,,,Varoom,,,,,
,,,,,,,,,,,,,,,,,,,,,,,,,,,,,,,,,,,,,,,,,,,,,,,,,,,,,,,,,,,,,,,Venonat,,,,,
,,,,,,,,,,,,,,,,,,,,,,,,,,,,,,,,,,,,,,,,,,,,,,,,,,,,,,,,,,,,,,,Vibrava,,,,,
,,,,,,,,,,,,,,,,,,,,,,,,,,,,,,,,,,,,,,,,,,,,,,,,,,,,,,,,,,,,,,,Voltorb,,,,,
,,,,,,,,,,,,,,,,,,,,,,,,,,,,,,,,,,,,,,,,,,,,,,,,,,,,,,,,,,,,,,,Wattrel,,,,,
,,,,,,,,,,,,,,,,,,,,,,,,,,,,,,,,,,,,,,,,,,,,,,,,,,,,,,,,,,,,,,,Weepinbell,,,,,
,,,,,,,,,,,,,,,,,,,,,,,,,,,,,,,,,,,,,,,,,,,,,,,,,,,,,,,,,,,,,,,Wiglett,,,,,
,,,,,,,,,,,,,,,,,,,,,,,,,,,,,,,,,,,,,,,,,,,,,,,,,,,,,,,,,,,,,,,Wingull,,,,,
,,,,,,,,,,,,,,,,,,,,,,,,,,,,,,,,,,,,,,,,,,,,,,,,,,,,,,,,,,,,,,,Wooper,,,,,
,,,,,,,,,,,,,,,,,,,,,,,,,,,,,,,,,,,,,,,,,,,,,,,,,,,,,,,,,,,,,,,Wugtrio,,,,,
,,,,,,,,,,,,,,,,,,,,,,,,,,,,,,,,,,,,,,,,,,,,,,,,,,,,,,,,,,,,,,,Yanma,,,,,
,,,,,,,,,,,,,,,,,,,,,,,,,,,,,,,,,,,,,,,,,,,,,,,,,,,,,,,,,,,,,,,Yungoos,,,,,
,,,,,,,,,,,,,,,,,,,,,,,,,,,,,,,,,,,,,,,,,,,,,,,,,,,,,,,,,,,,,,,Zorua,,,,,
,,,,,,,,,,,,,,,,,,,,,,,,,,,,,,,,,,,,,,,,,,,,,,,,,,,,,,,,,,,,,,,Zweilous,,,,,