rotom,,,,,,,,,,,,,,,,,,,,,,,,,,,,,,,,,,,,,,,,,,,,,,,,,,,,,,,,,,,,,,,,,,,,,,,,,,,,,,,,,,,,,,,,,,,,,,,,,,,,,,,,,,,,,,,,,,,,,,,,,
,,,,,,,,,,,,,,,,,,,,,,,,,,,,,,,,,,,,,,,,,,,,,,,,,,,,,,,,,,,,,,,,,,,,,,,,,,,,,,,,,,,,,,,,,,,,,,,,,,,,,,,,,,,,,,,,,,,,,,,,,
,,,,,,Week 1,,,,,,,,,,Week 2,,,,,,,,,,Week 3,,,,,,,,,,Week 4,,,,,,,,,,Week 5,,,,,,,,,,Week 6,,,,,,,,,,Week 7,,,,,,,,,,Week 8,,,,,,,,,,Week 9,,,,,,,,,,Week 10,,,,,,,,,,Week 11,,,,,,,,,,Week 12,,,,,
,,Total '+/-,New Jersey Dracos,,Brought,Kill,Killed,Died,K,T,D,,New Jersey Dracos,,Brought,Kill,Killed,Died,K,T,D,,New Jersey Dracos,,Brought,Kill,Killed,Died,K,T,D,,New Jersey Dracos,,Brought,Kill,Killed,Died,K,T,D,,New Jersey Dracos,,Brought,Kill,Killed,Died,K,T,D,,New Jersey Dracos,,Brought,Kill,Killed,Died,K,T,D,,New Jersey Dracos,,Brought,Kill,Killed,Died,K,T,D,,New Jersey Dracos,,Brought,Kill,Killed,Died,K,T,D,,New Jersey Dracos,,Brought,Kill,Killed,Died,K,T,D,,New Jersey Dracos,,Brought,Kill,Killed,Died,K,T,D,,New Jersey Dracos,,Brought,Kill,Killed,Died,K,T,D,,New Jersey Dracos,,Brought,Kill,Killed,Died,K,T,D
,,-7,,,Deoxys-Speed,Terapagos,Diancie,Indeedee,1,2,1,,,,Coalossal,Primarina,Metagross,Coalossal,1,4,1,,,,Coalossal,Krookodile,Articuno-Galar,Coalossal,1,2,1,,,,Deoxys-Speed,Terapagos,Scizor,Terapagos,1,4,1,,,,Ogerpon,Electrode,Blastoise,Primarina,1,3,1,,,,Indeedee,Krookodile,Glimmora,Coalossal,1,4,1,,,,Krookodile,Krookodile,Zoroark-Hisui,Coalossal,1,3,1,,,,Sneasler,Ogerpon,Electrode-Hisui,Terapagos,1,2,1,,,,,,,,,,,,,,,,,,,,,,,,,,,,,,,,,,,,,,,,
,,,,,Indeedee,Deoxys-Speed,Weezing,Deoxys-Speed,1,2,1,,,,Krookodile,Krookodile,Hydrapple,Krookodile,1,4,1,,,,Krookodile,Terapagos,Raging Bolt,Indeedee,1,4,1,,,,Krookodile,Deoxys-Speed,Wigglytuff,Indeedee,1,1,1,,,,Primarina,Terapagos,Pecharunt,Ogerpon,1,4,1,,,,Sneasler,Deoxys-Speed,Grimmsnarl,Sneasler,1,3,1,,,,Deoxys-Speed,Deoxys-Speed,Flamigo,Ogerpon,1,2,1,,,,Electrode,Primarina,Clefable,Primarina,1,4,1,,,,,,,,,,,,,,,,,,,,,,,,,,,,,,,,,,,,,,,,
,,,,,Terapagos,Electrode,Blaziken,Terapagos,1,5,1,,,,Deoxys-Speed,Sneasler,Clodsire,Deoxys-Speed,1,3,1,,,,Sneasler,Terapagos,Kingambit,,1,5,,,,,Sneasler,Sneasler,Iron Moth,Sneasler,1,4,1,,,,Deoxys-Speed,Krookodile,Ogerpon-Wellspring,Terapagos,1,5,1,,,,Deoxys-Speed,Indeedee,Volcarona,Deoxys-Speed,1,4,1,,,,Sneasler,Deoxys-Speed,Excadrill,Primarina,1,4,1,,,,Krookodile,Primarina,Quaquaval,Ogerpon,1,4,1,,,,,,,,,,,,,,,,,,,,,,,,,,,,,,,,,,,,,,,,
,,,,,Primarina,,,Sneasler,,,1,,,,Indeedee,Sneasler,Iron Valiant,Primarina,1,5,1,,,,Indeedee,Krookodile,Alcremie,,1,2,,,,,Primarina,Deoxys-Speed,Slowking,Deoxys-Speed,1,4,1,,,,Electrode,Electrode,Darkrai,Krookodile,1,5,1,,,,Krookodile,,,Indeedee,,,1,,,,Coalossal,,,Krookodile,,,1,,,,Primarina,Electrode,Muk-Alola,Sneasler,1,3,1,,,,,,,,,,,,,,,,,,,,,,,,,,,,,,,,,,,,,,,,
,,,,,Electrode,,,Primarina,,,1,,,,Sneasler,Sneasler,Milotic,Indeedee,1,3,1,,,,Deoxys-Speed,Deoxys-Speed,Ogerpon-Hearthflame,,1,5,,,,,Indeedee,Krookodile,Baxcalibur,,1,5,,,,,Terapagos,Electrode,Rotom-Heat,Deoxys-Speed,1,3,1,,,,Primarina,,,Krookodile,,,1,,,,Ogerpon,,,Sneasler,,,1,,,,Terapagos,,,Krookodile,,,1,,,,,,,,,,,,,,,,,,,,,,,,,,,,,,,,,,,,,,,,
,,,Lose,-3,Sneasler,,,Electrode,,,1,,Lose,-1,Primarina,,,Sneasler,,,1,,Win,4,Terapagos,Deoxys-Speed,Swampert,,1,3,,,Win,2,Terapagos,Krookodile,Hawlucha,,1,3,,,Lose,-1,Krookodile,,,Electrode,,,1,,Lose,-3,Coalossal,,,Primarina,,,1,,Lose,-3,Primarina,,,Deoxys-Speed,,,1,,Lose,-2,Ogerpon,,,Electrode,,,1,,,0,,,,,,,,,,0,,,,,,,,,,0,,,,,,,,,,0,,,,,,,
,,,,,,,,,,,,,,,,,,,,,,,,,,,,,,,,,,,,,,,,,,,,,,,,,,,,,,,,,,,,,,,,,,,,,,,,,,,,,,,,,,,,,,,,,,,,,,,,,,,,,,,,,,,,,,,,,,,,,,,,,
,,,Clonbrook Kyogres,,Brought,Kill,Killed,Died,K,T,D,,Clonbrook Kyogres,,Brought,Kill,Killed,Died,K,T,D,,Clonbrook Kyogres,,Brought,Kill,Killed,Died,K,T,D,,Clonbrook Kyogres,,Brought,Kill,Killed,Died,K,T,D,,Clonbrook Kyogres,,Brought,Kill,Killed,Died,K,T,D,,Clonbrook Kyogres,,Brought,Kill,Killed,Died,K,T,D,,Clonbrook Kyogres,,Brought,Kill,Killed,Died,K,T,D,,Clonbrook Kyogres,,Brought,Kill,Killed,Died,K,T,D,,Clonbrook Kyogres,,Brought,Kill,Killed,Died,K,T,D,,Clonbrook Kyogres,,Brought,Kill,Killed,Died,K,T,D,,Clonbrook Kyogres,,Brought,Kill,Killed,Died,K,T,D,,Clonbrook Kyogres,,Brought,Kill,Killed,Died,K,T,D
,,-21,,,Eelektross,Kingambit,Sableye,Raging Bolt,1,1,1,,,,Raging Bolt,Kingambit,Comfey,Mienshao,1,2,1,,,,Raging Bolt,Ogerpon-Hearthflame,Coalossal,Articuno-Galar,1,1,1,,,,Raging Bolt,Raging Bolt,Hippowdon,Swampert,1,4,1,,,,Gouging Fire,,,Gouging Fire,,,1,,,,Gouging Fire,Zapdos-Galar,Hitmontop,Swampert,1,2,1,,,,Swampert,Vivillon,Samurott-Hisui,Vivillon,1,4,1,,,,Swampert,Rotom-Frost,Iron Moth,Swampert,1,4,1,,,,,,,,,,,,,,,,,,,,,,,,,,,,,,,,,,,,,,,,
,,,,,Swampert,Rotom-Frost,Roaring Moon,Kingambit,1,5,1,,,,Alcremie,Raging Bolt,Pecharunt,Alcremie,1,4,1,,,,Articuno-Galar,Ogerpon-Hearthflame,Indeedee,Raging Bolt,1,2,1,,,,Swampert,Eelektross,Tyranitar,Rotom-Frost,1,4,1,,,,Kingambit,,,Alcremie,,,1,,,,Kingambit,Gouging Fire,Metagross,Kingambit,1,4,1,,,,Weavile,Swampert,Appletun,Swampert,1,1,1,,,,Alomomola,,,Rotom-Frost,,,1,,,,,,,,,,,,,,,,,,,,,,,,,,,,,,,,,,,,,,,,
,,,,,Raging Bolt,,,Swampert,,,1,,,,Articuno-Galar,Kingambit,Ogerpon-Wellspring,Articuno-Galar,1,5,1,,,,Ogerpon-Hearthflame,,,Kingambit,,,1,,,,Alcremie,,,Eelektross,,,1,,,,Swampert,,,Kingambit,,,1,,,,Swampert,Tentacruel,Minior,Gouging Fire,1,1,1,,,,Alomomola,Zapdos-Galar,Iron Hands,Rotom-Frost,1,4,1,,,,Zapdos-Galar,,,Alomomola,,,1,,,,,,,,,,,,,,,,,,,,,,,,,,,,,,,,,,,,,,,,
,,,,,Kingambit,,,Rotom-Frost,,,1,,,,Ogerpon-Hearthflame,Ogerpon-Hearthflame,Rotom-Heat,Kingambit,1,3,1,,,,Kingambit,,,Alcremie,,,1,,,,Eelektross,,,Lilligant,,,1,,,,Tentacruel,,,Tentacruel,,,1,,,,Tentacruel,Alcremie,Clodsire,Tentacruel,1,3,1,,,,Vivillon,Rotom-Frost,Tinkaton,,1,2,,,,,Rotom-Frost,,,Gouging Fire,,,1,,,,,,,,,,,,,,,,,,,,,,,,,,,,,,,,,,,,,,,,
,,,,,Alcremie,,,Alcremie,,,1,,,,Kingambit,,,Ogerpon-Hearthflame,,,1,,,,Swampert,,,Ogerpon-Hearthflame,,,1,,,,Lilligant,,,Raging Bolt,,,1,,,,Alcremie,,,Swampert,,,1,,,,Alcremie,Zapdos-Galar,Milotic,Alcremie,1,3,1,,,,Zapdos-Galar,Alomomola,Spectrier,,1,5,,,,,Gouging Fire,,,Zapdos-Galar,,,1,,,,,,,,,,,,,,,,,,,,,,,,,,,,,,,,,,,,,,,,
,,,Lose,-4,Rotom-Frost,,,Eelektross,,,1,,Lose,-2,Mienshao,,,Raging Bolt,,,1,,Lose,-4,Alcremie,,,Swampert,,,1,,Lose,-4,Rotom-Frost,,,Alcremie,,,1,,Lose,-6,Zapdos-Galar,,,Zapdos-Galar,,,1,,Win,1,Zapdos-Galar,Zapdos-Galar,Iron Valiant,,1,5,,,Win,3,Rotom-Frost,Zapdos-Galar,Qwilfish-Hisui,,1,2,,,Lose,-5,Weavile,,,Weavile,,,1,,,0,,,,,,,,,,0,,,,,,,,,,0,,,,,,,,,,0,,,,,,,
,,,,,,,,,,,,,,,,,,,,,,,,,,,,,,,,,,,,,,,,,,,,,,,,,,,,,,,,,,,,,,,,,,,,,,,,,,,,,,,,,,,,,,,,,,,,,,,,,,,,,,,,,,,,,,,,,,,,,,,,,
,,,Frederick Klefkis,,Brought,Kill,Killed,Died,K,T,D,,Frederick Klefkis,,Brought,Kill,Killed,Died,K,T,D,,Frederick Klefkis,,Brought,Kill,Killed,Died,K,T,D,,Frederick Klefkis,,Brought,Kill,Killed,Died,K,T,D,,Frederick Klefkis,,Brought,Kill,Killed,Died,K,T,D,,Frederick Klefkis,,Brought,Kill,Killed,Died,K,T,D,,Frederick Klefkis,,Brought,Kill,Killed,Died,K,T,D,,Frederick Klefkis,,Brought,Kill,Killed,Died,K,T,D,,Frederick Klefkis,,Brought,Kill,Killed,Died,K,T,D,,Frederick Klefkis,,Brought,Kill,Killed,Died,K,T,D,,Frederick Klefkis,,Brought,Kill,Killed,Died,K,T,D,,Frederick Klefkis,,Brought,Kill,Killed,Died,K,T,D
,,11,,,Qwilfish-Hisui,Samurott-Hisui,Sylveon,Tinkaton,1,3,1,,,,Spectrier,Garchomp,Electrode-Hisui,Garchomp,1,2,1,,,,Spectrier,Iron Hands,Lanturn,Talonflame,1,2,1,,,,Tinkaton,Forretress,Avalugg-Hisui,Forretress,1,1,1,,,,Iron Hands,Spectrier,Rotom-Mow,Garchomp,1,3,1,,,,Spectrier,Samurott-Hisui,Mamoswine,Forretress,1,3,1,,,,Tinkaton,Tinkaton,Vivillon,Samurott-Hisui,1,1,1,,,,Spectrier,Garchomp,Keldeo,Samurott-Hisui,1,4,1,,,,,,,,,,,,,,,,,,,,,,,,,,,,,,,,,,,,,,,,
,,,,,Samurott-Hisui,Tinkaton,Slowking-Galar,,1,,,,,,Samurott-Hisui,Braviary-Hisui,Muk-Alola,Braviary-Hisui,1,3,1,,,,Iron Hands,Spectrier,Revavroom,Garchomp,1,2,1,,,,Samurott-Hisui,Samurott-Hisui,Tornadus-Therian,spectrier,1,4,1,,,,Samurott-Hisui,Spectrier,Ursaluna-Bloodmoon,Samurott-Hisui,1,5,1,,,,Iron Hands,Garchomp,Zangoose,Samurott-Hisui,1,2,1,,,,Spectrier,Iron Hands,Swampert,Appletun,1,3,1,,,,iron hands,Garchomp,Excadrill,Tinkaton,1,4,1,,,,,,,,,,,,,,,,,,,,,,,,,,,,,,,,,,,,,,,,
,,,,,Appletun,Samurott-Hisui,Donphan,,1,3,,,,,Iron Hands,Braviary-Hisui,Dragapult,Qwilfish-Hisui,1,5,1,,,,Tinkaton,Spectrier,Great Tusk,Spectrier,1,5,1,,,,Spectrier,Garchomp,Iron Crown,,1,4,,,,,Talonflame,Spectrier,Slowking,Talonflame,1,4,1,,,,Forretress,Braviary-Hisui,Sableye,Garchomp,1,1,1,,,,Iron Hands,Spectrier,Rotom-Frost,Iron Hands,1,2,1,,,,Garchomp,Spectrier,Meowscarada,Appletun,1,5,1,,,,,,,,,,,,,,,,,,,,,,,,,,,,,,,,,,,,,,,,
,,,,,Spectrier,Appletun,Lycanroc-Dusk,,1,4,,,,,Garchomp,Iron Hands,Quaquaval,Iron Hands,1,4,1,,,,Garchomp,Spectrier,Corviknight,,1,4,,,,,Iron Hands,Garchomp,Rillaboom,,1,4,,,,,Garchomp,Talonflame,Iron Moth,,1,4,,,,,Samurott-Hisui,Iron Hands,Keldeo,Spectrier,1,4,1,,,,Appletun,,,Tinkaton,,,1,,,,Tinkaton,Spectrier,Zoroark-Hisui,Garchomp,1,3,1,,,,,,,,,,,,,,,,,,,,,,,,,,,,,,,,,,,,,,,,
,,,,,Iron Hands,Appletun,Baxcalibur,,1,5,,,,,Qwilfish-Hisui,Iron Hands,Heatran,,1,4,,,,,Qwilfish-Hisui,Iron Hands,Arboliva,,1,1,,,,,Garchomp,Garchomp,Archaludon,,1,4,,,,,Tinkaton,Talonflame,Baxcalibur,,1,5,,,,,Garchomp,,,Braviary-Hisui,,,1,,,,Samurott-Hisui,,,Spectrier,,,1,,,,Samurott-Hisui,Iron Hands,Slowking-Galar,Spectrier,1,,1,,,,,,,,,,,,,,,,,,,,,,,,,,,,,,,,,,,,,,,,
,,,Win,5,Tinkaton,Appletun,Wo-Chien,,1,2,,,Win,2,Braviary-Hisui,Samurott-Hisui,Clefable,,1,4,,,Win,3,Talonflame,Iron Hands,Greninja,,1,5,,,Win,4,Forretress,,,,,,,,Win,3,Spectrier,Talonflame,Cyclizar,,1,2,,,Lose,-2,Braviary-Hisui,,,Iron Hands,,,1,,Lose,-3,Qwilfish-Hisui,,,Qwilfish-Hisui,,,1,,Lose,-1,Appletun,,,Iron Hands,,,1,,,0,,,,,,,,,,0,,,,,,,,,,0,,,,,,,,,,0,,,,,,,
,,,,,,,,,,,,,,,,,,,,,,,,,,,,,,,,,,,,,,,,,,,,,,,,,,,,,,,,,,,,,,,,,,,,,,,,,,,,,,,,,,,,,,,,,,,,,,,,,,,,,,,,,,,,,,,,,,,,,,,,,
,,,Abbotsford Aggrons,,Brought,Kill,Killed,Died,K,T,D,,Abbotsford Aggrons,,Brought,Kill,Killed,Died,K,T,D,,Abbotsford Aggrons,,Brought,Kill,Killed,Died,K,T,D,,Abbotsford Aggrons,,Brought,Kill,Killed,Died,K,T,D,,Abbotsford Aggrons,,Brought,Kill,Killed,Died,K,T,D,,Abbotsford Aggrons,,Brought,Kill,Killed,Died,K,T,D,,Abbotsford Aggrons,,Brought,Kill,Killed,Died,K,T,D,,Abbotsford Aggrons,,Brought,Kill,Killed,Died,K,T,D,,Abbotsford Aggrons,,Brought,Kill,Killed,Died,K,T,D,,Abbotsford Aggrons,,Brought,Kill,Killed,Died,K,T,D,,Abbotsford Aggrons,,Brought,Kill,Killed,Died,K,T,D,,Abbotsford Aggrons,,Brought,Kill,Killed,Died,K,T,D
,,5,,,Dragapult,Clefable,Greninja,Muk-Alola,1,5,1,,,,Dragapult,Dragapult,Garchomp,Electrode-Hisui,1,5,1,,,,Dragapult,Heatran,Metagross,Electrode-Hisui,1,4,1,,,,Dragapult,Clefable,Annihilape,Heatran,1,5,1,,,,Dragapult,Gliscor,Gastrodon,Cryogonal,1,3,1,,,,,,,,,,,,,,Dragapult,Dragapult,Tauros,Muk-Alola,1,1,1,,,,Dragapult,Quaquaval,Terapagos,Electrode-Hisui,1,4,1,,,,,,,,,,,,,,,,,,,,,,,,,,,,,,,,,,,,,,,,
,,,,,Cryogonal,Cryogonal,Latios,Electrode-Hisui,1,5,1,,,,Quaquaval,Heatran,Braviary-Hisui,Muk-Alola,1,2,1,,,,Clefable,Quaquaval,Hitmontop,Quaquaval,1,2,1,,,,Heatran,Rhydon,Vaporeon,Dragapult,1,3,1,,,,Gliscor,Dragapult,Rillaboom,Electrode-Hisui,1,4,1,,,,,,,,,,,,,,Muk-Alola,Gliscor,Comfey,Rhydon,1,2,1,,,,Muk-Alola,Dragapult,Primarina,Clefable,1,4,1,,,,,,,,,,,,,,,,,,,,,,,,,,,,,,,,,,,,,,,,
,,,,,Clefable,Cryogonal,Revavroom,Dragapult,1,2,1,,,,Muk-Alola,Heatran,Qwilfish-Hisui,Dragapult,1,2,1,,,,Gliscor,Dragapult,Clodsire,Dragapult,1,3,1,,,,Clefable,Rhydon,Glimmora,Rhydon,1,4,1,,,,Electrode-Hisui,Heatran,Pelipper,Gliscor,1,3,1,,,,,,,,,,,,,,Gliscor,Gliscor,Blastoise,Heatran,1,3,1,,,,Gliscor,Dragapult,Ogerpon,Quaquaval,1,4,1,,,,,,,,,,,,,,,,,,,,,,,,,,,,,,,,,,,,,,,,
,,,,,Muk-Alola,Cryogonal,Lanturn,Rhydon,1,2,1,,,,Heatran,Clefable,Iron Hands,Quaquaval,1,4,1,,,,Heatran,Gliscor,Ditto,Heatran,1,1,1,,,,Quaquaval,Rhydon,Iron Treads,,1,4,,,,,Heatran,Rhydon,Floatzel,Heatran,1,2,1,,,,,,,,,,,,,,Clefable,Rhydon,Landorus-Therian,Clefable,1,4,1,,,,Electrode-Hisui,Gliscor,Sneasler,Muk-Alola,1,5,1,,,,,,,,,,,,,,,,,,,,,,,,,,,,,,,,,,,,,,,,
,,,,,Electrode-Hisui,Cryogonal,Great Tusk,,1,5,,,,,Electrode-Hisui,,,Heatran,,,1,,,,Quaquaval,Clefable,Iron Valiant,Clefable,1,5,1,,,,Gliscor,Rhydon,Kilowattrel,,1,2,,,,,Cryogonal,Rhydon,Iron Crown,,1,4,,,,,,,,,,,,,,,Heatran,Gliscor,Okidogi,Dragapult,1,3,1,,,,Quaquaval,Muk-Alola,Krookodile,,1,4,,,,,,,,,,,,,,,,,,,,,,,,,,,,,,,,,,,,,,,,,
,,,Win,2,Rhydon,Electrode-Hisui,Corviknight,,1,4,,,Lose,-2,Clefable,,,Clefable,,,1,,Win,1,Electrode-Hisui,,,,,,,,Win,3,Rhydon,Clefable,Kyurem,,1,4,,,Win,2,Rhydon,Rhydon,Archaludon,,1,4,,,Lose,-4,,,,,,,,,Win,1,Rhydon,Gliscor,Rotom-Heat,,1,3,,,Win,2,Clefable,Muk-Alola,Electrode,,1,1,,,,0,,,,,,,,,,0,,,,,,,,,,0,,,,,,,,,,0,,,,,,,
,,,,,,,,,,,,,,,,,,,,,,,,,,,,,,,,,,,,,,,,,,,,,,,,,,,,,,,,,,,,,,,,,,,,,,,,,,,,,,,,,,,,,,,,,,,,,,,,,,,,,,,,,,,,,,,,,,,,,,,,,
,,,Philadelphia Flygons,,Brought,Kill,Killed,Died,K,T,D,,Philadelphia Flygons,,Brought,Kill,Killed,Died,K,T,D,,Philadelphia Flygons,,Brought,Kill,Killed,Died,K,T,D,,Philadelphia Flygons,,Brought,Kill,Killed,Died,K,T,D,,Philadelphia Flygons,,Brought,Kill,Killed,Died,K,T,D,,Philadelphia Flygons,,Brought,Kill,Killed,Died,K,T,D,,Philadelphia Flygons,,Brought,Kill,Killed,Died,K,T,D,,Philadelphia Flygons,,Brought,Kill,Killed,Died,K,T,D,,Philadelphia Flygons,,Brought,Kill,Killed,Died,K,T,D,,Philadelphia Flygons,,Brought,Kill,Killed,Died,K,T,D,,Philadelphia Flygons,,Brought,Kill,Killed,Died,K,T,D,,Philadelphia Flygons,,Brought,Kill,Killed,Died,K,T,D
,,3,,,Rotom-Mow,Ursaluna-Bloodmoon,Gastrodon,Scizor,1,3,1,,,,Ursaluna-Bloodmoon,,,Hawlucha,,,1,,,,Cyclizar,Baxcalibur,Vaporeon,,1,3,,,,,Slowking,Hawlucha,Terapagos,Scizor,1,4,1,,,,Ursaluna-Bloodmoon,Rotom-Mow,Garchomp,Rotom-Mow,1,5,1,,,,Slowking,Ursaluna-Bloodmoon,Landorus-Therian,Ursaluna-Bloodmoon,1,4,1,,,,Ursaluna-Bloodmoon,Ursaluna-Bloodmoon,Metagross,Iron Moth,1,4,1,,,,Baxcalibur,Cyclizar,Swampert,Iron Moth,1,3,1,,,,,,,,,,,,,,,,,,,,,,,,,,,,,,,,,,,,,,,,
,,,,,Ursaluna-Bloodmoon,,,Rotom-Mow,,,1,,,,Gengar,,,Rotom-Mow,,,1,,,,Iron Moth,Baxcalibur,Grimmsnarl,,1,3,,,,,Hawlucha,Iron Moth,Indeedee,Wigglytuff,1,2,1,,,,Cyclizar,Iron Moth,Samurott-Hisui,Ursaluna-Bloodmoon,1,4,1,,,,Scizor,Ursaluna-Bloodmoon,Rotom-Heat,Scizor,1,3,1,,,,Cyclizar,Ursaluna-Bloodmoon,Ditto,Ursaluna-Bloodmoon,1,1,1,,,,Naclstack,Naclstack,Rotom-Frost,,1,2,,,,,,,,,,,,,,,,,,,,,,,,,,,,,,,,,,,,,,,,,
,,,,,Slowking,,,Ursaluna-Bloodmoon,,,1,,,,Slowking,,,Gengar,,,1,,,,Scizor,Baxcalibur,Annihilape,,1,5,,,,,Scizor,Slowking,Sneasler,Iron Moth,1,5,1,,,,Rotom-Mow,,,Slowking,,,1,,,,Baxcalibur,Scizor,Comfey,,1,2,,,,,Scizor,Slowking,Iron Valiant,Cyclizar,1,5,1,,,,Cyclizar,Naclstack,Alomomola,,1,2,,,,,,,,,,,,,,,,,,,,,,,,,,,,,,,,,,,,,,,,,
,,,,,Gengar,,,Slowking,,,1,,,,Rotom-Mow,,,Naclstack,,,1,,,,Hawlucha,Baxcalibur,Volcarona,,1,4,,,,,Iron Moth,Baxcalibur,Deoxys-Speed,Slowking,1,5,1,,,,Iron Moth,,,Iron Moth,,,1,,,,Iron Moth,Baxcalibur,Okidogi,,1,3,,,,,Baxcalibur,Iron Moth,Skeledirge,,1,4,,,,,Scizor,Naclstack,Gouging Fire,,1,5,,,,,,,,,,,,,,,,,,,,,,,,,,,,,,,,,,,,,,,,,
,,,,,Naclstack,,,Naclstack,,,1,,,,Naclstack,,,Ursaluna-Bloodmoon,,,1,,,,Ursaluna-Bloodmoon,Baxcalibur,Kyurem,,1,4,,,,,Wigglytuff,,,Baxcalibur,,,1,,,,Slowking,,,Baxcalibur,,,1,,,,Rotom-Mow,Baxcalibur,Tauros,,1,1,,,,,Iron Moth,Cyclizar,Clodsire,,1,3,,,,,Iron Moth,Naclstack,Zapdos-Galar,,1,4,,,,,,,,,,,,,,,,,,,,,,,,,,,,,,,,,,,,,,,,,
,,,Lose,-5,Scizor,,,Gengar,,,1,,Lose,-5,Hawlucha,,,Slowking,,,1,,Win,6,Baxcalibur,Baxcalibur,Kilowattrel,,1,2,,,Lose,-2,Baxcalibur,,,Hawlucha,,,1,,Lose,-3,Baxcalibur,,,Cyclizar,,,1,,Win,4,Ursaluna-Bloodmoon,Baxcalibur,Latias,,1,4,,,Win,3,Slowking,Baxcalibur,Milotic,,1,3,,,Win,5,Slowking,Naclstack,Weavile,,1,4,,,,0,,,,,,,,,,0,,,,,,,,,,0,,,,,,,,,,0,,,,,,,
,,,,,,,,,,,,,,,,,,,,,,,,,,,,,,,,,,,,,,,,,,,,,,,,,,,,,,,,,,,,,,,,,,,,,,,,,,,,,,,,,,,,,,,,,,,,,,,,,,,,,,,,,,,,,,,,,,,,,,,,,
,,,Luscious Lopunnies,,Brought,Kill,Killed,Died,K,T,D,,Luscious Lopunnies,,Brought,Kill,Killed,Died,K,T,D,,Luscious Lopunnies,,Brought,Kill,Killed,Died,K,T,D,,Luscious Lopunnies,,Brought,Kill,Killed,Died,K,T,D,,Luscious Lopunnies,,Brought,Kill,Killed,Died,K,T,D,,Luscious Lopunnies,,Brought,Kill,Killed,Died,K,T,D,,Luscious Lopunnies,,Brought,Kill,Killed,Died,K,T,D,,Luscious Lopunnies,,Brought,Kill,Killed,Died,K,T,D,,Luscious Lopunnies,,Brought,Kill,Killed,Died,K,T,D,,Luscious Lopunnies,,Brought,Kill,Killed,Died,K,T,D,,Luscious Lopunnies,,Brought,Kill,Killed,Died,K,T,D,,Luscious Lopunnies,,Brought,Kill,Killed,Died,K,T,D
,,24,,,Weezing,Diancie,indeedee,Diancie,1,2,1,,,,Araquanid,Araquanid,Hawlucha,Gholdengo,1,3,1,,,,Diancie,Hydreigon,Iron Bundle,Diancie,1,5,1,,,,Diancie,Enamorus,Great Tusk,Gholdengo,1,5,1,,,,Diancie,Diancie,Gouging Fire,,1,5,,,,,,,,,,,,,,,Diancie,Raikou,Emboar,Enamorus,1,2,1,,,,Diancie,Hydreigon,Florges,Hydreigon,1,2,1,,,,,,,,,,,,,,,,,,,,,,,,,,,,,,,,,,,,,,,,
,,,,,Tsareena,Weezing,Sneasler,Weezing,1,5,1,,,,Raikou,Hydreigon,Rotom-Mow,,1,3,,,,,Raikou,Mudsdale,Dragalge,Gholdengo,1,2,1,,,,Enamorus,Blaziken,Latios,Enamorus,1,5,1,,,,Weezing,Diancie,Alcremie,,1,2,,,,,,,,,,,,,,,Raikou,Gholdengo,Skarmory,Raikou,1,4,1,,,,Raikou,Blaziken,Archaludon,Raikou,1,4,1,,,,,,,,,,,,,,,,,,,,,,,,,,,,,,,,,,,,,,,,
,,,,,Enamorus,Weezing,Deoxys-Speed,Blaziken,1,5,1,,,,Hydreigon,Hydreigon,Gengar,,1,4,,,,,Hydreigon,Hydreigon,Mismagius,,1,2,,,,,Raikou,Diancie,Revavroom,Diancie,1,2,1,,,,Hydreigon,Diancie,Kingambit,,1,5,,,,,,,,,,,,,,,Tsareena,Gholdengo,Mew,,1,3,,,,,Tsareena,Gholdengo,Pelipper,Blaziken,1,3,1,,,,,,,,,,,,,,,,,,,,,,,,,,,,,,,,,,,,,,,,
,,,,,Diancie,Blaziken,Terapagos,,1,4,,,,,Diancie,Hydreigon,Naclstack,,1,1,,,,,Mudsdale,Mudsdale,Lycanroc-Dusk,,1,4,,,,,Tsareena,Blaziken,Corviknight,Raikou,1,4,1,,,,Enamorus,Diancie,Tentacruel,,1,2,,,,,,,,,,,,,,,Enamorus,Gholdengo,Hatterene,,1,4,,,,,Hydreigon,Tsareena,Regieleki,Gholdengo,1,3,1,,,,,,,,,,,,,,,,,,,,,,,,,,,,,,,,,,,,,,,,
,,,,,Blaziken,Blaziken,Primarina,,1,4,,,,,Gholdengo,Araquanid,Ursaluna-Bloodmoon,,1,5,,,,,Gholdengo,Mudsdale,Donphan,,1,3,,,,,Gholdengo,Blaziken,Greninja,Tsareena,1,5,1,,,,Gholdengo,Diancie,Swampert,,1,3,,,,,,,,,,,,,,,Gholdengo,Gholdengo,Sableye,,1,1,,,,,Gholdengo,,,Tsareena,,,1,,,,,,,,,,,,,,,,,,,,,,,,,,,,,,,,,,,,,,,,
,,,Win,3,Gholdengo,Blaziken,Electrode,,1,1,,,Win,5,Blaziken,Araquanid,Slowking,,1,4,,,Win,4,Blaziken,Mudsdale,Cinderace,,1,5,,,Win,1,Blaziken,Blaziken,Thundurus-Therian,,1,4,,,Win,6,Blaziken,Diancie,Zapdos-Galar,,1,4,,,Win,3,,,,,,,,,Win,4,Blaziken,Gholdengo,Tentacruel,,1,2,,,Lose,-2,Blaziken,,,Diancie,,,1,,,0,,,,,,,,,,0,,,,,,,,,,0,,,,,,,,,,0,,,,,,,
,,,,,,,,,,,,,,,,,,,,,,,,,,,,,,,,,,,,,,,,,,,,,,,,,,,,,,,,,,,,,,,,,,,,,,,,,,,,,,,,,,,,,,,,,,,,,,,,,,,,,,,,,,,,,,,,,,,,,,,,,
,,,Norwalk Noiverns,,Brought,Kill,Killed,Died,K,T,D,,Norwalk Noiverns,,Brought,Kill,Killed,Died,K,T,D,,Norwalk Noiverns,,Brought,Kill,Killed,Died,K,T,D,,Norwalk Noiverns,,Brought,Kill,Killed,Died,K,T,D,,Norwalk Noiverns,,Brought,Kill,Killed,Died,K,T,D,,Norwalk Noiverns,,Brought,Kill,Killed,Died,K,T,D,,Norwalk Noiverns,,Brought,Kill,Killed,Died,K,T,D,,Norwalk Noiverns,,Brought,Kill,Killed,Died,K,T,D,,Norwalk Noiverns,,Brought,Kill,Killed,Died,K,T,D,,Norwalk Noiverns,,Brought,Kill,Killed,Died,K,T,D,,Norwalk Noiverns,,Brought,Kill,Killed,Died,K,T,D,,Norwalk Noiverns,,Brought,Kill,Killed,Died,K,T,D
,,-4,,,Metagross,Metagross,Landorus-Therian,Milotic,1,4,1,,,,Milotic,Hydrapple,Coalossal,Metagross,1,1,1,,,,Milotic,Hitmontop,Electrode-Hisui,Metagross,1,2,1,,,,Skeledirge,Skeledirge,Sandslash,Skeledirge,1,1,1,,,,Metagross,Clodsire,Glimmora,Volbeat,1,4,1,,,,Clodsire,Metagross,Swampert,Hitmontop,1,3,1,,,,Milotic,Milotic,Iron Moth,Metagross,1,4,1,,,,Jolteon,Skeledirge,Bronzong,Minior,1,2,1,,,,,,,,,,,,,,,,,,,,,,,,,,,,,,,,,,,,,,,,
,,,,,Milotic,Metagross,Meowscarada,Hydrapple,1,5,1,,,,Hydrapple,Hydrapple,Krookodile,Hydrapple,1,4,1,,,,Metagross,Ditto,Quaquaval,Hitmontop,1,4,1,,,,Hitmontop,Skeledirge,Mamoswine,Hitmontop,1,3,1,,,,Iron Valiant,Iron Valiant,Iron Treads,Clodsire,1,4,1,,,,Iron Valiant,Metagross,Kingambit,Metagross,1,5,1,,,,Iron Valiant,Milotic,Ursaluna-Bloodmoon,Ditto,1,5,1,,,,Iron Valiant,Skeledirge,Lycanroc-Dusk,Skeledirge,1,4,1,,,,,,,,,,,,,,,,,,,,,,,,,,,,,,,,,,,,,,,,
,,,,,Skeledirge,Metagross,Glaceon,Dudunsparce,1,1,1,,,,Clodsire,Metagross,Deoxys-Speed,Clodsire,1,5,1,,,,Iron Valiant,Milotic,Dragapult,Clodsire,1,5,1,,,,Clodsire,Minior,Typhlosion-Hisui,,1,2,,,,,Clodsire,Iron Valiant,Vaporeon,Hydrapple,1,3,1,,,,Minior,Minior,Gouging Fire,Minior,1,5,1,,,,Clodsire,Milotic,Cyclizar,Iron Valiant,1,2,1,,,,Minior,Iron Valiant,Donphan,Hitmontop,1,3,1,,,,,,,,,,,,,,,,,,,,,,,,,,,,,,,,,,,,,,,,
,,,,,Hydrapple,Metagross,Jolteon,Skeledirge,1,2,1,,,,Metagross,Iron Valiant,Primarina,Milotic,1,4,1,,,,Hitmontop,Milotic,Heatran,Ditto,1,4,1,,,,Milotic,Minior,Mew,,1,3,,,,,Minior,Iron Valiant,Grimmsnarl,Minior,1,3,1,,,,Milotic,Iron Valiant,Tentacruel,Clodsire,1,2,1,,,,Skeledirge,,,Skeledirge,,,1,,,,Skeledirge,,,Clodsire,,,1,,,,,,,,,,,,,,,,,,,,,,,,,,,,,,,,,,,,,,,,
,,,,,Clodsire,Skeledirge,Cinderace,Metagross,1,5,1,,,,Skeledirge,Iron Valiant,Indeedee,Iron Valiant,1,2,1,,,,Clodsire,Iron Valiant,Clefable,Milotic,1,4,1,,,,Iron Valiant,Minior,Roaring Moon,,1,5,,,,,Hydrapple,,,Iron Valiant,,,1,,,,Hitmontop,Milotic,Alcremie,Milotic,1,2,1,,,,Ditto,,,Clodsire,,,1,,,,Clodsire,,,Iron Valiant,,,1,,,,,,,,,,,,,,,,,,,,,,,,,,,,,,,,,,,,,,,,
,,,Win,1,Dudunsparce,Clodsire,Alomomola,,1,2,,,Win,1,Iron Valiant,Skeledirge,Sneasler,,1,5,,,Lose,-1,Ditto,,,Iron Valiant,,,1,,Win,4,Minior,Minior,Zangoose,,1,2,,,Lose,-2,Volbeat,,,Metagross,,,1,,Lose,-1,Metagross,,,Iron Valiant,,,1,,Lose,-3,Metagross,,,Milotic,,,1,,Lose,-3,Hitmontop,,,Jolteon,,,1,,,0,,,,,,,,,,0,,,,,,,,,,0,,,,,,,,,,0,,,,,,,
,,,,,,,,,,,,,,,,,,,,,,,,,,,,,,,,,,,,,,,,,,,,,,,,,,,,,,,,,,,,,,,,,,,,,,,,,,,,,,,,,,,,,,,,,,,,,,,,,,,,,,,,,,,,,,,,,,,,,,,,,
,,,München Emboars,,Brought,Kill,Killed,Died,K,T,D,,München Emboars,,Brought,Kill,Killed,Died,K,T,D,,München Emboars,,Brought,Kill,Killed,Died,K,T,D,,München Emboars,,Brought,Kill,Killed,Died,K,T,D,,München Emboars,,Brought,Kill,Killed,Died,K,T,D,,München Emboars,,Brought,Kill,Killed,Died,K,T,D,,München Emboars,,Brought,Kill,Killed,Died,K,T,D,,München Emboars,,Brought,Kill,Killed,Died,K,T,D,,München Emboars,,Brought,Kill,Killed,Died,K,T,D,,München Emboars,,Brought,Kill,Killed,Died,K,T,D,,München Emboars,,Brought,Kill,Killed,Died,K,T,D,,München Emboars,,Brought,Kill,Killed,Died,K,T,D
,,-1,,,Sableye,Muk,Raging Bolt,Sableye,1,4,1,,,,Skarmory,Mamoswine,Archaludon,Mamoswine,1,4,1,,,,Roaring Moon,Zapdos,Blastoise,Zapdos,1,3,1,,,,Zangoose,Typhlosion-Hisui,Skeledirge,Sandslash,1,4,1,,,,Zapdos,Zangoose,Ribombee,Zangoose,1,3,1,,,,Sableye,Mew,Forretress,Mamoswine,1,2,1,,,,Mew,Emboar,Enamorus,Emboar,1,5,1,,,,Skarmory,Emboar,Kilowattrel,Skarmory,1,2,1,,,,,,,,,,,,,,,,,,,,,,,,,,,,,,,,,,,,,,,,
,,,,,Zangoose,Roaring Moon,Kingambit,Roaring Moon,1,5,1,,,,Roaring Moon,Zangoose,Regieleki,Zangoose,1,3,1,,,,Skarmory,Muk,Darkrai,Skarmory,1,5,1,,,,Roaring Moon,Typhlosion-Hisui,Hitmontop,Mamoswine,1,2,1,,,,Mew,Skarmory,Great Tusk,Skarmory,1,5,1,,,,Mew,Mew,Samurott-Hisui,Zangoose,1,4,1,,,,Sableye,Sableye,Raikou,Skarmory,1,3,1,,,,Emboar,Emboar,Glimmora,Emboar,1,4,1,,,,,,,,,,,,,,,,,,,,,,,,,,,,,,,,,,,,,,,,
,,,,,Muk,Mew,Swampert,,1,3,,,,,Zapdos,Zangoose,Pelipper,Skarmory,1,3,1,,,,Keldeo,Sandslash,Ogerpon-Wellspring,,1,5,,,,,Mew,,,Typhlosion-Hisui,,,1,,,,Skarmory,Keldeo,Greninja,Zapdos,1,5,1,,,,Roaring Moon,Zangoose,Garchomp,Sableye,1,5,1,,,,Tentacruel,,,Mew,,,1,,,,Hatterene,Roaring Moon,Grimmsnarl,Hatterene,1,3,1,,,,,,,,,,,,,,,,,,,,,,,,,,,,,,,,,,,,,,,,
,,,,,Mew,Zangoose,Rotom-Frost,,1,2,,,,,Mew,Skarmory,Florges,,1,2,,,,,Sandslash,Muk,Comfey,,1,2,,,,,Typhlosion-Hisui,,,Mew,,,1,,,,Keldeo,Keldeo,Latios,Mew,1,5,1,,,,Keldeo,Sableye,Spectrier,Keldeo,1,5,1,,,,Hatterene,,,Hatterene,,,1,,,,Mew,,,Mew,,,1,,,,,,,,,,,,,,,,,,,,,,,,,,,,,,,,,,,,,,,,
,,,,,Roaring Moon,Zangoose,Alcremie,,1,2,,,,,Zangoose,Zapdos,Iron Crown,,1,4,,,,,Zapdos,Roaring Moon,Rotom-Heat,,1,3,,,,,Sandslash,,,Roaring Moon,,,1,,,,Mamoswine,,,Mamoswine,,,1,,,,Zangoose,Keldeo,Braviary-Hisui,,1,2,,,,,Emboar,,,Sableye,,,1,,,,Roaring Moon,,,Roaring Moon,,,1,,,,,,,,,,,,,,,,,,,,,,,,,,,,,,,,,,,,,,,,
,,,Win,4,Zapdos,Zangoose,Eelektross,,1,2,,,Win,3,Mamoswine,Roaring Moon,Floatzel,,1,2,,,Win,3,Muk,,,,,,,,Lose,-4,Mamoswine,,,Zangoose,,,1,,Lose,-2,Zangoose,,,Keldeo,,,1,,Win,2,Mamoswine,Roaring Moon,Iron Hands,,1,4,,,Lose,-4,Skarmory,,,Tentacruel,,,1,,Lose,-3,Sableye,,,Sableye,,,1,,,0,,,,,,,,,,0,,,,,,,,,,0,,,,,,,,,,0,,,,,,,
,,,,,,,,,,,,,,,,,,,,,,,,,,,,,,,,,,,,,,,,,,,,,,,,,,,,,,,,,,,,,,,,,,,,,,,,,,,,,,,,,,,,,,,,,,,,,,,,,,,,,,,,,,,,,,,,,,,,,,,,,
,,,Golden State Durants,,Brought,Kill,Killed,Died,K,T,D,,Golden State Durants,,Brought,Kill,Killed,Died,K,T,D,,Golden State Durants,,Brought,Kill,Killed,Died,K,T,D,,Golden State Durants,,Brought,Kill,Killed,Died,K,T,D,,Golden State Durants,,Brought,Kill,Killed,Died,K,T,D,,Golden State Durants,,Brought,Kill,Killed,Died,K,T,D,,Golden State Durants,,Brought,Kill,Killed,Died,K,T,D,,Golden State Durants,,Brought,Kill,Killed,Died,K,T,D,,Golden State Durants,,Brought,Kill,Killed,Died,K,T,D,,Golden State Durants,,Brought,Kill,Killed,Died,K,T,D,,Golden State Durants,,Brought,Kill,Killed,Died,K,T,D,,Golden State Durants,,Brought,Kill,Killed,Died,K,T,D
,,-8,,,Great Tusk,Latios,Muk-Alola,Great Tusk,1,3,1,,,,Great Tusk,Great Tusk,Lycanroc-Dusk,Thundurus-Therian,1,4,1,,,,Great Tusk,Great Tusk,Talonflame,Lanturn,1,3,1,,,,Great Tusk,Latios,Gholdengo,Great Tusk,1,4,1,,,,Great Tusk,Great Tusk,Zangoose,Ribombee,1,2,1,,,,Great Tusk,Latios,Excadrill,Great Tusk,1,4,1,,,,Great Tusk,Greninja,Gastrodon,Thundurus-Therian,1,3,1,,,,Great Tusk,Latios,Blastoise,Great Tusk,1,3,1,,,,,,,,,,,,,,,,,,,,,,,,,,,,,,,,,,,,,,,,
,,,,,Latios,Latios,Dragapult,Latios,1,5,1,,,,Corviknight,Greninja,Mismagius,Lanturn,1,2,1,,,,Greninja,Revavroom,Garchomp,Revavroom,1,5,1,,,,Latios,Latios,Enamorus,Latios,1,5,1,,,,Latios,Greninja,Skarmory,Great Tusk,1,4,1,,,,Latios,,,Greninja,,,1,,,,Latios,Great Tusk,Pelipper,Greninja,1,3,1,,,,Latios,Latios,Latias,Greninja,1,4,1,,,,,,,,,,,,,,,,,,,,,,,,,,,,,,,,,,,,,,,,
,,,,,Greninja,Great Tusk,Rhydon,Greninja,1,2,1,,,,Thundurus-Therian,Great Tusk,Dragalge,Great Tusk,1,2,1,,,,Revavroom,Arboliva,Spectrier,Great Tusk,1,5,1,,,,Greninja,Thundurus-Therian,Diancie,Revavroom,1,2,1,,,,Greninja,Latios,Zapdos,Greninja,1,4,1,,,,Greninja,,,Revavroom,,,1,,,,Thundurus-Therian,,,Latios,,,1,,,,Greninja,Latios,Okidogi,Latios,1,3,1,,,,,,,,,,,,,,,,,,,,,,,,,,,,,,,,,,,,,,,,
,,,,,Corviknight,Corviknight,Electrode-Hisui,Revavroom,1,2,1,,,,Revavroom,Greninja,Bronzong,Revavroom,1,2,1,,,,Arboliva,,,Corviknight,,,1,,,,Thundurus-Therian,Thundurus-Therian,Raikou,Corviknight,1,3,1,,,,Thundurus-Therian,Latios,Mew,Latios,1,3,1,,,,Thundurus-Therian,,,Ribombee,,,1,,,,Lanturn,,,Arboliva,,,1,,,,Revavroom,Revavroom,Registeel,,1,2,,,,,,,,,,,,,,,,,,,,,,,,,,,,,,,,,,,,,,,,,
,,,,,Revavroom,,,Lanturn,,,1,,,,Greninja,Greninja,Iron Bundle,,1,5,,,,,Corviknight,,,Arboliva,,,1,,,,Revavroom,Greninja,Tsareena,Greninja,1,2,1,,,,Corviknight,Latios,Mamoswine,,1,3,,,,,Ribombee,,,Thundurus-Therian,,,1,,,,Arboliva,,,Great Tusk,,,1,,,,Corviknight,Revavroom,Rotom-Heat,,1,3,,,,,,,,,,,,,,,,,,,,,,,,,,,,,,,,,,,,,,,,,
,,,Lose,-2,Lanturn,,,Corviknight,,,1,,Win,2,Lanturn,Greninja,Weezing-Galar,,1,2,,,Lose,-3,Lanturn,,,Greninja,,,1,,Lose,-1,Corviknight,,,Thundurus-Therian,,,1,,Win,2,Ribombee,Thundurus-Therian,Keldeo,,1,4,,,Lose,-5,Revavroom,,,Latios,,,1,,Lose,-4,Greninja,,,Lanturn,,,1,,Win,3,Crocalor,Revavroom,Comfey,,1,2,,,,0,,,,,,,,,,0,,,,,,,,,,0,,,,,,,,,,0,,,,,,,
,,,,,,,,,,,,,,,,,,,,,,,,,,,,,,,,,,,,,,,,,,,,,,,,,,,,,,,,,,,,,,,,,,,,,,,,,,,,,,,,,,,,,,,,,,,,,,,,,,,,,,,,,,,,,,,,,,,,,,,,,
,,,Garden City Grotles,,Brought,Kill,Killed,Died,K,T,D,,Garden City Grotles,,Brought,Kill,Killed,Died,K,T,D,,Garden City Grotles,,Brought,Kill,Killed,Died,K,T,D,,Garden City Grotles,,Brought,Kill,Killed,Died,K,T,D,,Garden City Grotles,,Brought,Kill,Killed,Died,K,T,D,,Garden City Grotles,,Brought,Kill,Killed,Died,K,T,D,,Garden City Grotles,,Brought,Kill,Killed,Died,K,T,D,,Garden City Grotles,,Brought,Kill,Killed,Died,K,T,D,,Garden City Grotles,,Brought,Kill,Killed,Died,K,T,D,,Garden City Grotles,,Brought,Kill,Killed,Died,K,T,D,,Garden City Grotles,,Brought,Kill,Killed,Died,K,T,D,,Garden City Grotles,,Brought,Kill,Killed,Died,K,T,D
,,11,,,Landorus-Therian,Glaceon,Milotic,Landorus-Therian,1,3,1,,,,Ting-Lu,Meowscarada,Glimmora,Meowscarada,1,4,1,,,,,,,,,,,,,,Tyranitar,Tyranitar,Swampert,Hippowdon,1,3,1,,,,Hippowdon,Garganacl,Wo-Chien,Excadrill,1,2,1,,,,Meowscarada,Sinistcha,Great Tusk,Excadrill,1,5,1,,,,Flamigo,Zoroark-Hisui,Coalossal,Zoroark-Hisui,1,1,1,,,,Meowscarada,Keldeo,Samurott-Hisui,Keldeo,1,4,1,,,,,,,,,,,,,,,,,,,,,,,,,,,,,,,,,,,,,,,,
,,,,,Cinderace,Cinderace,Dudunsparce,Jolteon,1,2,1,,,,Slowking-Galar,Ting-Lu,Vaporeon,Scream Tail,1,3,1,,,,,,,,,,,,,,Hippowdon,Tyranitar,Rotom-Frost,Tyranitar,1,2,1,,,,Garganacl,Glaceon,Weezing-Galar,Hippowdon,1,2,1,,,,Slowking-Galar,Slowking-Galar,Greninja,,1,5,,,,,Excadrill,Excadrill,Ogerpon,Flamigo,1,4,1,,,,Slowking-Galar,Excadrill,Tinkaton,Excadrill,1,2,1,,,,,,,,,,,,,,,,,,,,,,,,,,,,,,,,,,,,,,,,
,,,,,Meowscarada,Meowscarada,Hydrapple,Meowscarada,1,4,1,,,,Meowscarada,Jolteon,Annihilape,Slowking-Galar,1,5,1,,,,,,,,,,,,,,Meowscarada,Meowscarada,Eelektross,,1,2,,,,,Mandibuzz,Glaceon,Cinderace,Glaceon,1,5,1,,,,Excadrill,Meowscarada,Revavroom,,1,2,,,,,Meowscarada,Flamigo,Primarina,Excadrill,1,4,1,,,,Excadrill,Meowscarada,Appletun,Meowscarada,1,1,1,,,,,,,,,,,,,,,,,,,,,,,,,,,,,,,,,,,,,,,,
,,,,,Alomomola,Cinderace,Metagross,Cinderace,1,4,1,,,,Scream Tail,Ting-Lu,Iron Treads,Altaria,1,4,1,,,,,,,,,,,,,,Excadrill,Glaceon,Lilligant,,1,1,,,,,Excadrill,Jolteon,Iron Bundle,Jolteon,1,5,1,,,,Sinistcha,Meowscarada,Ribombee,,1,3,,,,,Sinistcha,Excadrill,Krookodile,,1,4,,,,,Sinistcha,Meowscarada,Garchomp,Zoroark-Hisui,1,5,1,,,,,,,,,,,,,,,,,,,,,,,,,,,,,,,,,,,,,,,,
,,,,,Jolteon,Alomomola,Skeledirge,Glaceon,1,4,1,,,,Altaria,,,Jolteon,,,1,,,,,,,,,,,,,,Mandibuzz,Glaceon,Raging Bolt,,1,4,,,,,Glaceon,,,Mandibuzz,,,1,,,,Arcanine-Hisui,Meowscarada,Thundurus-Therian,,1,4,,,,,Slowking-Galar,Excadrill,Sneasler,,1,5,,,,,Zoroark-Hisui,Slowking-Galar,Spectrier,Slowking-Galar,1,5,1,,,,,,,,,,,,,,,,,,,,,,,,,,,,,,,,,,,,,,,,
,,,Lose,-1,Glaceon,,,Alomomola,,,1,,Lose,-2,Jolteon,,,Ting-Lu,,,1,,Lose,2,,,,,,,,,Win,4,Glaceon,Glaceon,Alcremie,,1,2,,,Lose,-1,Jolteon,,,Garganacl,,,1,,Win,5,Zoroark-Hisui,Meowscarada,Latios,,1,5,,,Win,3,Zoroark-Hisui,Sinistcha,Deoxys-Speed,,1,5,,,Win,1,Keldeo,Sinistcha,Iron Hands,,1,4,,,,0,,,,,,,,,,0,,,,,,,,,,0,,,,,,,,,,0,,,,,,,
,,,,,,,,,,,,,,,,,,,,,,,,,,,,,,,,,,,,,,,,,,,,,,,,,,,,,,,,,,,,,,,,,,,,,,,,,,,,,,,,,,,,,,,,,,,,,,,,,,,,,,,,,,,,,,,,,,,,,,,,,
,,,Pittsburgh Scizors,,Brought,Kill,Killed,Died,K,T,D,,Pittsburgh Scizors,,Brought,Kill,Killed,Died,K,T,D,,Pittsburgh Scizors,,Brought,Kill,Killed,Died,K,T,D,,Pittsburgh Scizors,,Brought,Kill,Killed,Died,K,T,D,,Pittsburgh Scizors,,Brought,Kill,Killed,Died,K,T,D,,Pittsburgh Scizors,,Brought,Kill,Killed,Died,K,T,D,,Pittsburgh Scizors,,Brought,Kill,Killed,Died,K,T,D,,Pittsburgh Scizors,,Brought,Kill,Killed,Died,K,T,D,,Pittsburgh Scizors,,Brought,Kill,Killed,Died,K,T,D,,Pittsburgh Scizors,,Brought,Kill,Killed,Died,K,T,D,,Pittsburgh Scizors,,Brought,Kill,Killed,Died,K,T,D,,Pittsburgh Scizors,,Brought,Kill,Killed,Died,K,T,D
,,-5,,,Ogerpon-Wellspring,Dugtrio,Kilowattrel,Dugtrio,1,2,1,,,,Comfey,Darkrai,Mienshao,Comfey,1,3,1,,,,Tauros,Darkrai,Zapdos,Blastoise,1,4,1,,,,Darkrai,Ogerpon-Wellspring,Bronzong,Pecharunt,1,2,1,,,,Darkrai,Darkrai,Primarina,Blastoise,1,4,1,,,,Comfey,Comfey,Ursaluna-Bloodmoon,Landorus-Therian,1,5,1,,,,Comfey,Blastoise,Muk-Alola,Tauros,1,3,1,,,,Okidogi,Latias,Great Tusk,Blastoise,1,5,1,,,,,,,,,,,,,,,,,,,,,,,,,,,,,,,,,,,,,,,,
,,,,,Darkrai,Dugtrio,Grimmsnarl,,1,3,,,,,Flamigo,Ogerpon-Wellspring,Alcremie,Pecharunt,1,2,1,,,,Ogerpon-Wellspring,Tauros,Skarmory,Darkrai,1,4,1,,,,Pecharunt,Pecharunt,Dragalge,Flamigo,1,2,1,,,,Pecharunt,Rotom-Heat,Ogerpon,Pecharunt,1,4,1,,,,Rotom-Heat,Latias,Scizor,Rotom-Heat,1,4,1,,,,Rotom-Heat,Blastoise,Rhydon,Comfey,1,2,1,,,,Rotom-Heat,Registeel,Greninja,Latias,1,5,1,,,,,,,,,,,,,,,,,,,,,,,,,,,,,,,,,,,,,,,,
,,,,,Flamigo,Comfey,Jumpluff,,1,1,,,,,Rotom-Heat,Ogerpon-Wellspring,Articuno-Galar,Ogerpon-Wellspring,1,2,1,,,,Comfey,Rotom-Heat,Sandslash,Tauros,1,1,1,,,,Uxie,Ogerpon-Wellspring,Weezing-Galar,Darkrai,1,2,1,,,,Uxie,Ogerpon-Wellspring,Terapagos,Ogerpon-Wellspring,1,4,1,,,,Okidogi,,,Comfey,,,1,,,,Tauros,Okidogi,Heatran,Blastoise,1,4,1,,,,Blastoise,Comfey,Latios,Okidogi,1,5,1,,,,,,,,,,,,,,,,,,,,,,,,,,,,,,,,,,,,,,,,
,,,,,Dugtrio,Comfey,Annihilape,,1,5,,,,,Darkrai,Flamigo,Kingambit,Rotom-Heat,1,5,1,,,,Rotom-Heat,,,Ogerpon-Wellspring,,,1,,,,Ogerpon-Wellspring,Blastoise,Iron Bundle,Ogerpon-Wellspring,1,5,1,,,,Rotom-Heat,Darkrai,Krookodile,Darkrai,1,4,1,,,,Latias,,,Okidogi,,,1,,,,Blastoise,Okidogi,Clefable,Landorus-Therian,1,4,1,,,,Comfey,,,Registeel,,,1,,,,,,,,,,,,,,,,,,,,,,,,,,,,,,,,,,,,,,,,
,,,,,Rotom-Heat,Comfey,Kyurem,,1,4,,,,,Pecharunt,Darkrai,Ogerpon-Hearthflame,,1,5,,,,,Blastoise,,,Comfey,,,1,,,,Blastoise,,,Blastoise,,,1,,,,Blastoise,Rotom-Heat,Deoxys-Speed,Rotom-Heat,1,5,1,,,,Landorus-Therian,,,Tauros,,,1,,,,Okidogi,Okidogi,Dragapult,Okidogi,1,5,1,,,,Registeel,,,Rotom-Heat,,,1,,,,,,,,,,,,,,,,,,,,,,,,,,,,,,,,,,,,,,,,
,,,Win,5,Comfey,Comfey,Glimmora,,1,4,,,Win,2,Ogerpon-Wellspring,Darkrai,Raging Bolt,,1,4,,,Lose,-3,Darkrai,,,Rotom-Heat,,,1,,Lose,-2,Flamigo,,,Uxie,,,1,,Win,1,Ogerpon-Wellspring,Uxie,Electrode,,1,1,,,Lose,-4,Tauros,,,Latias,,,1,,Lose,-1,Landorus-Therian,,,Rotom-Heat,,,1,,Lose,-3,Latias,,,Comfey,,,1,,,0,,,,,,,,,,0,,,,,,,,,,0,,,,,,,,,,0,,,,,,,
,,,,,,,,,,,,,,,,,,,,,,,,,,,,,,,,,,,,,,,,,,,,,,,,,,,,,,,,,,,,,,,,,,,,,,,,,,,,,,,,,,,,,,,,,,,,,,,,,,,,,,,,,,,,,,,,,,,,,,,,,
,,,Charleston Chesnaughts,,Brought,Kill,Killed,Died,K,T,D,,Charleston Chesnaughts,,Brought,Kill,Killed,Died,K,T,D,,Charleston Chesnaughts,,Brought,Kill,Killed,Died,K,T,D,,Charleston Chesnaughts,,Brought,Kill,Killed,Died,K,T,D,,Charleston Chesnaughts,,Brought,Kill,Killed,Died,K,T,D,,Charleston Chesnaughts,,Brought,Kill,Killed,Died,K,T,D,,Charleston Chesnaughts,,Brought,Kill,Killed,Died,K,T,D,,Charleston Chesnaughts,,Brought,Kill,Killed,Died,K,T,D,,Charleston Chesnaughts,,Brought,Kill,Killed,Died,K,T,D,,Charleston Chesnaughts,,Brought,Kill,Killed,Died,K,T,D,,Charleston Chesnaughts,,Brought,Kill,Killed,Died,K,T,D,,Charleston Chesnaughts,,Brought,Kill,Killed,Died,K,T,D
,,-10,,,Baxcalibur,Donphan,Tinkaton,Baxcalibur,1,2,1,,,,Iron Bundle,Lycanroc-Dusk,Thundurus-Therian,Lycanroc-Dusk,1,4,1,,,,Iron Bundle,Mismagius,Diancie,Iron Bundle,1,2,1,,,,Iron Bundle,Dragalge,Pecharunt,Bronzong,1,4,1,,,,Rotom-Wash,Wo-Chien,Excadrill,Wo-Chien,1,4,1,,,,Mismagius,Mismagius,Archaludon,Lycanroc-Dusk,1,4,1,,,,Iron Bundle,Lycanroc-Dusk,Annihilape,Donphan,1,5,1,,,,Bronzong,Bronzong,Minior,Bronzong,1,1,1,,,,,,,,,,,,,,,,,,,,,,,,,,,,,,,,,,,,,,,,
,,,,,Wo-Chien,,,Wo-Chien,,,1,,,,Mismagius,Mismagius,Lanturn,Mismagius,1,2,1,,,,Cinderace,Cinderace,Gholdengo,Dragalge,1,4,1,,,,Lycanroc-Dusk,Weezing-Galar,Flamigo,Dragalge,1,2,1,,,,Lycanroc-Dusk,Iron Bundle,Hippowdon,Weezing-Galar,1,4,1,,,,Wo-Chien,Iron Bundle,Iron Crown,Dragalge,1,4,1,,,,Donphan,Wo-Chien,Glimmora,Weezing-Galar,1,4,1,,,,Donphan,Wo-Chien,Skeledirge,Lycanroc-Dusk,1,4,1,,,,,,,,,,,,,,,,,,,,,,,,,,,,,,,,,,,,,,,,
,,,,,Donphan,,,Donphan,,,1,,,,Weezing-Galar,Iron Bundle,Great Tusk,Dragalge,1,5,1,,,,Dragalge,,,Mismagius,,,1,,,,Mismagius,Weezing-Galar,Darkrai,Weezing-Galar,1,5,1,,,,Cinderace,Lycanroc-Dusk,Glaceon,Cinderace,1,1,1,,,,Iron Bundle,Iron Bundle,Tornadus-Therian,Cinderace,1,4,1,,,,Bronzong,Iron Bundle,Iron Treads,Bronzong,1,4,1,,,,Wo-Chien,Wo-Chien,Hitmontop,Donphan,1,2,1,,,,,,,,,,,,,,,,,,,,,,,,,,,,,,,,,,,,,,,,
,,,,,Slowking-Galar,,,Slowking-Galar,,,1,,,,Bronzong,Bronzong,Revavroom,Bronzong,1,2,1,,,,Lycanroc-Dusk,,,Lycanroc-Dusk,,,1,,,,Dragalge,Lycanroc-Dusk,Ogerpon-Wellspring,Iron Bundle,1,5,1,,,,Weezing-Galar,Lycanroc-Dusk,Jolteon,Iron Bundle,1,2,1,,,,Dragalge,,,Mismagius,,,1,,,,Lycanroc-Dusk,Lycanroc-Dusk,Grimmsnarl,Wo-Chien,1,3,1,,,,Cinderace,Donphan,Clodsire,,1,3,,,,,,,,,,,,,,,,,,,,,,,,,,,,,,,,,,,,,,,,,
,,,,,Lycanroc-Dusk,,,Lycanroc-Dusk,,,1,,,,Lycanroc-Dusk,,,Iron Bundle,,,1,,,,Mismagius,,,Donphan,,,1,,,,Bronzong,Mismagius,Blastoise,,1,3,,,,,Wo-Chien,Lycanroc-Dusk,Mandibuzz,Lycanroc-Dusk,1,3,1,,,,Cinderace,,,Wo-Chien,,,1,,,,Wo-Chien,,,Iron Bundle,,,1,,,,Iron Bundle,Cinderace,Iron Valiant,,1,5,,,,,,,,,,,,,,,,,,,,,,,,,,,,,,,,,,,,,,,,,
,,,Lose,-5,Sylveon,,,Sylveon,,,1,,Lose,-2,Dragalge,,,Weezing-Galar,,,1,,Lose,-4,Donphan,,,Cinderace,,,1,,Win,2,Weezing-Galar,Mismagius,Uxie,,1,3,,,Win,1,Iron Bundle,Lycanroc-Dusk,Garganacl,,1,3,,,Lose,-3,Lycanroc-Dusk,,,Iron Bundle,,,1,,Lose,-2,Weezing-Galar,,,Lycanroc-Dusk,,,1,,Win,3,Lycanroc-Dusk,Cinderace,Jolteon,,1,2,,,,0,,,,,,,,,,0,,,,,,,,,,0,,,,,,,,,,0,,,,,,,
,,,,,,,,,,,,,,,,,,,,,,,,,,,,,,,,,,,,,,,,,,,,,,,,,,,,,,,,,,,,,,,,,,,,,,,,,,,,,,,,,,,,,,,,,,,,,,,,,,,,,,,,,,,,,,,,,,,,,,,,,
,,,Vancouver Valiants,,Brought,Kill,Killed,Died,K,T,D,,Vancouver Valiants,,Brought,Kill,Killed,Died,K,T,D,,Vancouver Valiants,,Brought,Kill,Killed,Died,K,T,D,,Vancouver Valiants,,Brought,Kill,Killed,Died,K,T,D,,Vancouver Valiants,,Brought,Kill,Killed,Died,K,T,D,,Vancouver Valiants,,Brought,Kill,Killed,Died,K,T,D,,Vancouver Valiants,,Brought,Kill,Killed,Died,K,T,D,,Vancouver Valiants,,Brought,Kill,Killed,Died,K,T,D,,Vancouver Valiants,,Brought,Kill,Killed,Died,K,T,D,,Vancouver Valiants,,Brought,Kill,Killed,Died,K,T,D,,Vancouver Valiants,,Brought,Kill,Killed,Died,K,T,D,,Vancouver Valiants,,Brought,Kill,Killed,Died,K,T,D
,,-2,,,Kyurem,Kyurem,Dugtrio,Kilowattrel,1,1,1,,,,Kyurem,Annihilape,Meowscarada,Glimmora,1,5,1,,,,Annihilape,,,Vaporeon,,,1,,,,Iron Treads,Vaporeon,Heatran,Annihilape,1,4,1,,,,Grimmsnarl,Annihilape,Volbeat,Glimmora,1,1,1,,,,Grimmsnarl,Glimmora,Coalossal,Glimmora,1,1,1,,,,Glimmora,Iron Treads,Donphan,Annihilape,1,3,1,,,,Kilowattrel,Annihilape,Skarmory,Grimmsnarl,1,4,1,,,,,,,,,,,,,,,,,,,,,,,,,,,,,,,,,,,,,,,,
,,,,,Annihilape,,,Grimmsnarl,,,1,,,,Volcarona,Annihilape,Scream Tail,Vaporeon,1,3,1,,,,Grimmsnarl,,,Grimmsnarl,,,1,,,,Annihilape,Iron Treads,Dragapult,Vaporeon,1,5,1,,,,Kyurem,Annihilape,Clodsire,Iron Treads,1,3,1,,,,Volcarona,Annihilape,Sneasler,Grimmsnarl,1,5,1,,,,Annihilape,Iron Treads,Weezing-Galar,Glimmora,1,2,1,,,,Glimmora,Annihilape,Sableye,Glimmora,1,1,1,,,,,,,,,,,,,,,,,,,,,,,,,,,,,,,,,,,,,,,,
,,,,,Grimmsnarl,,,Jumpluff,,,1,,,,Vaporeon,Annihilape,Slowking-Galar,Annihilape,1,,1,,,,Kilowattrel,,,Annihilape,,,1,,,,Kyurem,Kyurem,Rhydon,Glimmora,1,2,1,,,,Annihilape,Annihilape,Hydrapple,Vaporeon,1,4,1,,,,wyrdeer,Glimmora,Deoxys-Speed,Volcarona,1,5,1,,,,Kyurem,Kilowattrel,Bronzong,Iron Treads,1,2,1,,,,Annihilape,Glimmora,Roaring Moon,Kilowattrel,1,5,1,,,,,,,,,,,,,,,,,,,,,,,,,,,,,,,,,,,,,,,,
,,,,,Jumpluff,,,Annihilape,,,1,,,,Glimmora,Annihilape,Altaria,Iron Treads,1,1,1,,,,Volcarona,,,Volcarona,,,1,,,,Kilowattrel,,,Iron Treads,,,1,,,,Glimmora,Annihilape,Minior,Grimmsnarl,1,1,1,,,,Glimmora,Wyrdeer,Krookodile,,1,4,,,,,Grimmsnarl,Kilowattrel,Wo-Chien,Grimmsnarl,1,2,1,,,,Kyurem,Annihilape,Hatterene,,1,4,,,,,,,,,,,,,,,,,,,,,,,,,,,,,,,,,,,,,,,,,
,,,,,Glimmora,,,Kyurem,,,1,,,,Iron Treads,Iron Treads,Jolteon,,1,2,,,,,Vaporeon,,,Kyurem,,,1,,,,Glimmora,,,Kilowattrel,,,1,,,,Vaporeon,Glimmora,Iron Valiant,,1,5,,,,,Annihilape,Wyrdeer,Primarina,,1,4,,,,,Iron Treads,Grimmsnarl,Iron Bundle,,1,5,,,,,Grimmsnarl,Annihilape,Mew,,1,3,,,,,,,,,,,,,,,,,,,,,,,,,,,,,,,,,,,,,,,,,
,,,Lose,-5,Kilowattrel,,,Glimmora,,,1,,Win,2,Annihilape,Kyurem,Ting-Lu,,1,4,,,Lose,-6,Kyurem,,,Kilowattrel,,,1,,Lose,-3,Vaporeon,,,Kyurem,,,1,,Win,2,Iron Treads,Annihilape,Metagross,,1,4,,,Win,3,Iron Treads,,,,,,,,Win,2,Kilowattrel,Kilowattrel,Lycanroc-Dusk,,1,4,,,Win,3,Volcarona,Kilowattrel,Emboar,,1,2,,,,0,,,,,,,,,,0,,,,,,,,,,0,,,,,,,,,,0,,,,,,,
,,,,,,,,,,,,,,,,,,,,,,,,,,,,,,,,,,,,,,,,,,,,,,,,,,,,,,,,,,,,,,,,,,,,,,,,,,,,,,,,,,,,,,,,,,,,,,,,,,,,,,,,,,,,,,,,,,,,,,,,,
,,,New York Malamars,,Brought,Kill,Killed,Died,K,T,D,,New York Malamars,,Brought,Kill,Killed,Died,K,T,D,,New York Malamars,,Brought,Kill,Killed,Died,K,T,D,,New York Malamars,,Brought,Kill,Killed,Died,K,T,D,,New York Malamars,,Brought,Kill,Killed,Died,K,T,D,,New York Malamars,,Brought,Kill,Killed,Died,K,T,D,,New York Malamars,,Brought,Kill,Killed,Died,K,T,D,,New York Malamars,,Brought,Kill,Killed,Died,K,T,D,,New York Malamars,,Brought,Kill,Killed,Died,K,T,D,,New York Malamars,,Brought,Kill,Killed,Died,K,T,D,,New York Malamars,,Brought,Kill,Killed,Died,K,T,D,,New York Malamars,,Brought,Kill,Killed,Died,K,T,D
,,7,,,Floatzel,Floatzel,Scizor,Gastrodon,1,4,1,,,,Archaludon,Regieleki,Mamoswine,Archaludon,1,3,1,,,,,,,,,,,,,,Rillaboom,Tornadus-Therian,Forretress,Avalugg-Hisui,1,2,1,,,,Gastrodon,Gastrodon,Cryogonal,Gastrodon,1,1,1,,,,Floatzel,Archaludon,Lycanroc-Dusk,Archaludon,1,4,1,,,,Floatzel,Gastrodon,Thundurus-Therian,Gastrodon,1,4,1,,,,Rillaboom,Archaludon,Hydreigon,Florges,1,4,1,,,,,,,,,,,,,,,,,,,,,,,,,,,,,,,,,,,,,,,,
,,,,,Pelipper,Tornadus-Therian,Rotom-Mow,,1,3,,,,,Regieleki,Floatzel,Zangoose,Regieleki,1,2,1,,,,,,,,,,,,,,Iron Crown,Rillaboom,Spectrier,Tornadus-Therian,1,5,1,,,,Pelipper,Floatzel,Electrode-Hisui,Rillaboom,1,2,1,,,,Archaludon,Rillaboom,Dragalge,Iron Crown,1,2,1,,,,Pelipper,Floatzel,Greninja,Pelipper,1,5,1,,,,Pelipper,Floatzel,Raikou,Archaludon,1,3,1,,,,,,,,,,,,,,,,,,,,,,,,,,,,,,,,,,,,,,,,
,,,,,Archaludon,Rillaboom,Ursaluna-Bloodmoon,,1,5,,,,,Pelipper,Floatzel,Skarmory,Pelipper,1,4,1,,,,,,,,,,,,,,Tornadus-Therian,,,Regieleki,,,1,,,,Floatzel,Pelipper,Gliscor,Pelipper,1,4,1,,,,Pelipper,Tornadus-Therian,Cinderace,Tornadus-Therian,1,5,1,,,,Iron Crown,Tornadus-Therian,Latios,,1,5,,,,,Regieleki,Pelipper,Blaziken,Pelipper,1,5,1,,,,,,,,,,,,,,,,,,,,,,,,,,,,,,,,,,,,,,,,
,,,,,Gastrodon,Rillaboom,Slowking,,1,4,,,,,Florges,,,Florges,,,1,,,,,,,,,,,,,,Regieleki,,,Iron Crown,,,1,,,,Archaludon,Floatzel,Heatran,Floatzel,1,4,1,,,,Rillaboom,Tornadus-Therian,Mismagius,,1,2,,,,,Rillaboom,Iron Crown,Arboliva,,1,1,,,,,Florges,Regieleki,Gholdengo,Regieleki,1,4,1,,,,,,,,,,,,,,,,,,,,,,,,,,,,,,,,,,,,,,,,
,,,,,Rillaboom,Tornadus-Therian,Naclstack,,1,1,,,,,Iron Crown,,,Iron Crown,,,1,,,,,,,,,,,,,,Avalugg-Hisui,,,Rillaboom,,,1,,,,Rillaboom,,,Iron Crown,,,1,,,,Iron Crown,Floatzel,Wo-Chien,,1,2,,,,,Gastrodon,Iron Crown,Great Tusk,,1,5,,,,,Floatzel,Floatzel,Tsareena,,1,2,,,,,,,,,,,,,,,,,,,,,,,,,,,,,,,,,,,,,,,,,
,,,Win,5,Tornadus-Therian,Tornadus-Therian,Gengar,,1,4,,,Lose,-3,Floatzel,,,Floatzel,,,1,,Lose,2,,,,,,,,,Lose,-4,Archaludon,,,Archaludon,,,1,,Lose,-2,Iron Crown,,,Archaludon,,,1,,Win,3,Tornadus-Therian,Floatzel,Iron Bundle,,1,5,,,Win,4,Tornadus-Therian,Iron Crown,Lanturn,,1,2,,,Win,2,Archaludon,Floatzel,Diancie,,1,2,,,,0,,,,,,,,,,0,,,,,,,,,,0,,,,,,,,,,0,,,,,,,
,,,,,,,,,,,,,,,,,,,,,,,,,,,,,,,,,,,,,,,,,,,,,,,,,,,,,,,,,,,,,,,,,,,,,,,,,,,,,,,,,,,,,,,,,,,,,,,,,,,,,,,,,,,,,,,,,,,,,,,,,
,,,,,Brought,Kill,Killed,Died,K,T,D,,,,Brought,Kill,Killed,Died,K,T,D,,,,Brought,Kill,Killed,Died,K,T,D,,,,Brought,Kill,Killed,Died,K,T,D,,,,Brought,Kill,Killed,Died,K,T,D,,,,Brought,Kill,Killed,Died,K,T,D,,,,Brought,Kill,Killed,Died,K,T,D,,,,Brought,Kill,Killed,Died,K,T,D,,,,Brought,Kill,Killed,Died,K,T,D,,,,Brought,Kill,Killed,Died,K,T,D,,,,Brought,Kill,Killed,Died,K,T,D,,,,Brought,Kill,Killed,Died,K,T,D
,,0,,,,,,,,,,,,,,,,,,,,,,,,,,,,,,,,,,,,,,,,,,,,,,,,,,,,,,,,,,,,,,,,,,,,,,,,,,,,,,,,,,,,,,,,,,,,,,,,,,,,,,,,,,,,,,,,,,,,,,,
,,,,,,,,,,,,,,,,,,,,,,,,,,,,,,,,,,,,,,,,,,,,,,,,,,,,,,,,,,,,,,,,,,,,,,,,,,,,,,,,,,,,,,,,,,,,,,,,,,,,,,,,,,,,,,,,,,,,,,,,,
,,,,,,,,,,,,,,,,,,,,,,,,,,,,,,,,,,,,,,,,,,,,,,,,,,,,,,,,,,,,,,,,,,,,,,,,,,,,,,,,,,,,,,,,,,,,,,,,,,,,,,,,,,,,,,,,,,,,,,,,,
,,,,,,,,,,,,,,,,,,,,,,,,,,,,,,,,,,,,,,,,,,,,,,,,,,,,,,,,,,,,,,,,,,,,,,,,,,,,,,,,,,,,,,,,,,,,,,,,,,,,,,,,,,,,,,,,,,,,,,,,,
,,,,,,,,,,,,,,,,,,,,,,,,,,,,,,,,,,,,,,,,,,,,,,,,,,,,,,,,,,,,,,,,,,,,,,,,,,,,,,,,,,,,,,,,,,,,,,,,,,,,,,,,,,,,,,,,,,,,,,,,,
,,,,0,,,,,,,,,,0,,,,,,,,,,0,,,,,,,,,,0,,,,,,,,,,0,,,,,,,,,,0,,,,,,,,,,0,,,,,,,,,,0,,,,,,,,,,0,,,,,,,,,,0,,,,,,,,,,0,,,,,,,,,,0,,,,,,,
,,,,,,,,,,,,,,,,,,,,,,,,,,,,,,,,,,,,,,,,,,,,,,,,,,,,,,,,,,,,,,,,,,,,,,,,,,,,,,,,,,,,,,,,,,,,,,,,,,,,,,,,,,,,,,,,,,,,,,,,,
,,,,,Brought,Kill,Killed,Died,K,T,D,,,,Brought,Kill,Killed,Died,K,T,D,,,,Brought,Kill,Killed,Died,K,T,D,,,,Brought,Kill,Killed,Died,K,T,D,,,,Brought,Kill,Killed,Died,K,T,D,,,,Brought,Kill,Killed,Died,K,T,D,,,,Brought,Kill,Killed,Died,K,T,D,,,,Brought,Kill,Killed,Died,K,T,D,,,,Brought,Kill,Killed,Died,K,T,D,,,,Brought,Kill,Killed,Died,K,T,D,,,,Brought,Kill,Killed,Died,K,T,D,,,,Brought,Kill,Killed,Died,K,T,D
,,0,,,,,,,,,,,,,,,,,,,,,,,,,,,,,,,,,,,,,,,,,,,,,,,,,,,,,,,,,,,,,,,,,,,,,,,,,,,,,,,,,,,,,,,,,,,,,,,,,,,,,,,,,,,,,,,,,,,,,,,
,,,,,,,,,,,,,,,,,,,,,,,,,,,,,,,,,,,,,,,,,,,,,,,,,,,,,,,,,,,,,,,,,,,,,,,,,,,,,,,,,,,,,,,,,,,,,,,,,,,,,,,,,,,,,,,,,,,,,,,,,
,,,,,,,,,,,,,,,,,,,,,,,,,,,,,,,,,,,,,,,,,,,,,,,,,,,,,,,,,,,,,,,,,,,,,,,,,,,,,,,,,,,,,,,,,,,,,,,,,,,,,,,,,,,,,,,,,,,,,,,,,
,,,,,,,,,,,,,,,,,,,,,,,,,,,,,,,,,,,,,,,,,,,,,,,,,,,,,,,,,,,,,,,,,,,,,,,,,,,,,,,,,,,,,,,,,,,,,,,,,,,,,,,,,,,,,,,,,,,,,,,,,
,,,,,,,,,,,,,,,,,,,,,,,,,,,,,,,,,,,,,,,,,,,,,,,,,,,,,,,,,,,,,,,,,,,,,,,,,,,,,,,,,,,,,,,,,,,,,,,,,,,,,,,,,,,,,,,,,,,,,,,,,
,,,,0,,,,,,,,,,0,,,,,,,,,,0,,,,,,,,,,0,,,,,,,,,,0,,,,,,,,,,0,,,,,,,,,,0,,,,,,,,,,0,,,,,,,,,,0,,,,,,,,,,0,,,,,,,,,,0,,,,,,,,,,0,,,,,,,
,,,,,,,,,,,,,,,,,,,,,,,,,,,,,,,,,,,,,,,,,,,,,,,,,,,,,,,,,,,,,,,,,,,,,,,,,,,,,,,,,,,,,,,,,,,,,,,,,,,,,,,,,,,,,,,,,,,,,,,,,
,,,,,Brought,Kill,Killed,Died,K,T,D,,,,Brought,Kill,Killed,Died,K,T,D,,,,Brought,Kill,Killed,Died,K,T,D,,,,Brought,Kill,Killed,Died,K,T,D,,,,Brought,Kill,Killed,Died,K,T,D,,,,Brought,Kill,Killed,Died,K,T,D,,,,Brought,Kill,Killed,Died,K,T,D,,,,Brought,Kill,Killed,Died,K,T,D,,,,Brought,Kill,Killed,Died,K,T,D,,,,Brought,Kill,Killed,Died,K,T,D,,,,Brought,Kill,Killed,Died,K,T,D,,,,Brought,Kill,Killed,Died,K,T,D
,,0,,,,,,,,,,,,,,,,,,,,,,,,,,,,,,,,,,,,,,,,,,,,,,,,,,,,,,,,,,,,,,,,,,,,,,,,,,,,,,,,,,,,,,,,,,,,,,,,,,,,,,,,,,,,,,,,,,,,,,,
,,,,,,,,,,,,,,,,,,,,,,,,,,,,,,,,,,,,,,,,,,,,,,,,,,,,,,,,,,,,,,,,,,,,,,,,,,,,,,,,,,,,,,,,,,,,,,,,,,,,,,,,,,,,,,,,,,,,,,,,,
,,,,,,,,,,,,,,,,,,,,,,,,,,,,,,,,,,,,,,,,,,,,,,,,,,,,,,,,,,,,,,,,,,,,,,,,,,,,,,,,,,,,,,,,,,,,,,,,,,,,,,,,,,,,,,,,,,,,,,,,,
,,,,,,,,,,,,,,,,,,,,,,,,,,,,,,,,,,,,,,,,,,,,,,,,,,,,,,,,,,,,,,,,,,,,,,,,,,,,,,,,,,,,,,,,,,,,,,,,,,,,,,,,,,,,,,,,,,,,,,,,,
,,,,,,,,,,,,,,,,,,,,,,,,,,,,,,,,,,,,,,,,,,,,,,,,,,,,,,,,,,,,,,,,,,,,,,,,,,,,,,,,,,,,,,,,,,,,,,,,,,,,,,,,,,,,,,,,,,,,,,,,,
,,,,0,,,,,,,,,,0,,,,,,,,,,0,,,,,,,,,,0,,,,,,,,,,0,,,,,,,,,,0,,,,,,,,,,0,,,,,,,,,,0,,,,,,,,,,0,,,,,,,,,,0,,,,,,,,,,0,,,,,,,,,,0,,,,,,,
,,,,,,,,,,,,,,,,,,,,,,,,,,,,,,,,,,,,,,,,,,,,,,,,,,,,,,,,,,,,,,,,,,,,,,,,,,,,,,,,,,,,,,,,,,,,,,,,,,,,,,,,,,,,,,,,,,,,,,,,,
,,,,,Brought,Kill,Killed,Died,K,T,D,,,,Brought,Kill,Killed,Died,K,T,D,,,,Brought,Kill,Killed,Died,K,T,D,,,,Brought,Kill,Killed,Died,K,T,D,,,,Brought,Kill,Killed,Died,K,T,D,,,,Brought,Kill,Killed,Died,K,T,D,,,,Brought,Kill,Killed,Died,K,T,D,,,,Brought,Kill,Killed,Died,K,T,D,,,,Brought,Kill,Killed,Died,K,T,D,,,,Brought,Kill,Killed,Died,K,T,D,,,,Brought,Kill,Killed,Died,K,T,D,,,,Brought,Kill,Killed,Died,K,T,D
,,0,,,,,,,,,,,,,,,,,,,,,,,,,,,,,,,,,,,,,,,,,,,,,,,,,,,,,,,,,,,,,,,,,,,,,,,,,,,,,,,,,,,,,,,,,,,,,,,,,,,,,,,,,,,,,,,,,,,,,,,
,,,,,,,,,,,,,,,,,,,,,,,,,,,,,,,,,,,,,,,,,,,,,,,,,,,,,,,,,,,,,,,,,,,,,,,,,,,,,,,,,,,,,,,,,,,,,,,,,,,,,,,,,,,,,,,,,,,,,,,,,
,,,,,,,,,,,,,,,,,,,,,,,,,,,,,,,,,,,,,,,,,,,,,,,,,,,,,,,,,,,,,,,,,,,,,,,,,,,,,,,,,,,,,,,,,,,,,,,,,,,,,,,,,,,,,,,,,,,,,,,,,
,,,,,,,,,,,,,,,,,,,,,,,,,,,,,,,,,,,,,,,,,,,,,,,,,,,,,,,,,,,,,,,,,,,,,,,,,,,,,,,,,,,,,,,,,,,,,,,,,,,,,,,,,,,,,,,,,,,,,,,,,
,,,,,,,,,,,,,,,,,,,,,,,,,,,,,,,,,,,,,,,,,,,,,,,,,,,,,,,,,,,,,,,,,,,,,,,,,,,,,,,,,,,,,,,,,,,,,,,,,,,,,,,,,,,,,,,,,,,,,,,,,
,,,,0,,,,,,,,,,0,,,,,,,,,,0,,,,,,,,,,0,,,,,,,,,,0,,,,,,,,,,0,,,,,,,,,,0,,,,,,,,,,0,,,,,,,,,,0,,,,,,,,,,0,,,,,,,,,,0,,,,,,,,,,0,,,,,,,
,,,,,,,,,,,,,,,,,,,,,,,,,,,,,,,,,,,,,,,,,,,,,,,,,,,,,,,,,,,,,,,,,,,,,,,,,,,,,,,,,,,,,,,,,,,,,,,,,,,,,,,,,,,,,,,,,,,,,,,,,
,,,,,Brought,Kill,Killed,Died,K,T,D,,,,Brought,Kill,Killed,Died,K,T,D,,,,Brought,Kill,Killed,Died,K,T,D,,,,Brought,Kill,Killed,Died,K,T,D,,,,Brought,Kill,Killed,Died,K,T,D,,,,Brought,Kill,Killed,Died,K,T,D,,,,Brought,Kill,Killed,Died,K,T,D,,,,Brought,Kill,Killed,Died,K,T,D,,,,Brought,Kill,Killed,Died,K,T,D,,,,Brought,Kill,Killed,Died,K,T,D,,,,Brought,Kill,Killed,Died,K,T,D,,,,Brought,Kill,Killed,Died,K,T,D
,,0,,,,,,,,,,,,,,,,,,,,,,,,,,,,,,,,,,,,,,,,,,,,,,,,,,,,,,,,,,,,,,,,,,,,,,,,,,,,,,,,,,,,,,,,,,,,,,,,,,,,,,,,,,,,,,,,,,,,,,,
,,,,,,,,,,,,,,,,,,,,,,,,,,,,,,,,,,,,,,,,,,,,,,,,,,,,,,,,,,,,,,,,,,,,,,,,,,,,,,,,,,,,,,,,,,,,,,,,,,,,,,,,,,,,,,,,,,,,,,,,,
,,,,,,,,,,,,,,,,,,,,,,,,,,,,,,,,,,,,,,,,,,,,,,,,,,,,,,,,,,,,,,,,,,,,,,,,,,,,,,,,,,,,,,,,,,,,,,,,,,,,,,,,,,,,,,,,,,,,,,,,,
,,,,,,,,,,,,,,,,,,,,,,,,,,,,,,,,,,,,,,,,,,,,,,,,,,,,,,,,,,,,,,,,,,,,,,,,,,,,,,,,,,,,,,,,,,,,,,,,,,,,,,,,,,,,,,,,,,,,,,,,,
,,,,,,,,,,,,,,,,,,,,,,,,,,,,,,,,,,,,,,,,,,,,,,,,,,,,,,,,,,,,,,,,,,,,,,,,,,,,,,,,,,,,,,,,,,,,,,,,,,,,,,,,,,,,,,,,,,,,,,,,,
,,,,0,,,,,,,,,,0,,,,,,,,,,0,,,,,,,,,,0,,,,,,,,,,0,,,,,,,,,,0,,,,,,,,,,0,,,,,,,,,,0,,,,,,,,,,0,,,,,,,,,,0,,,,,,,,,,0,,,,,,,,,,0,,,,,,,
,,,,,,,,,,,,,,,,,,,,,,,,,,,,,,,,,,,,,,,,,,,,,,,,,,,,,,,,,,,,,,,,,,,,,,,,,,,,,,,,,,,,,,,,,,,,,,,,,,,,,,,,,,,,,,,,,,,,,,,,,
,,,,,Brought,Kill,Killed,Died,K,T,D,,,,Brought,Kill,Killed,Died,K,T,D,,,,Brought,Kill,Killed,Died,K,T,D,,,,Brought,Kill,Killed,Died,K,T,D,,,,Brought,Kill,Killed,Died,K,T,D,,,,Brought,Kill,Killed,Died,K,T,D,,,,Brought,Kill,Killed,Died,K,T,D,,,,Brought,Kill,Killed,Died,K,T,D,,,,Brought,Kill,Killed,Died,K,T,D,,,,Brought,Kill,Killed,Died,K,T,D,,,,Brought,Kill,Killed,Died,K,T,D,,,,Brought,Kill,Killed,Died,K,T,D
,,0,,,,,,,,,,,,,,,,,,,,,,,,,,,,,,,,,,,,,,,,,,,,,,,,,,,,,,,,,,,,,,,,,,,,,,,,,,,,,,,,,,,,,,,,,,,,,,,,,,,,,,,,,,,,,,,,,,,,,,,
,,,,,,,,,,,,,,,,,,,,,,,,,,,,,,,,,,,,,,,,,,,,,,,,,,,,,,,,,,,,,,,,,,,,,,,,,,,,,,,,,,,,,,,,,,,,,,,,,,,,,,,,,,,,,,,,,,,,,,,,,
,,,,,,,,,,,,,,,,,,,,,,,,,,,,,,,,,,,,,,,,,,,,,,,,,,,,,,,,,,,,,,,,,,,,,,,,,,,,,,,,,,,,,,,,,,,,,,,,,,,,,,,,,,,,,,,,,,,,,,,,,
,,,,,,,,,,,,,,,,,,,,,,,,,,,,,,,,,,,,,,,,,,,,,,,,,,,,,,,,,,,,,,,,,,,,,,,,,,,,,,,,,,,,,,,,,,,,,,,,,,,,,,,,,,,,,,,,,,,,,,,,,
,,,,,,,,,,,,,,,,,,,,,,,,,,,,,,,,,,,,,,,,,,,,,,,,,,,,,,,,,,,,,,,,,,,,,,,,,,,,,,,,,,,,,,,,,,,,,,,,,,,,,,,,,,,,,,,,,,,,,,,,,
,,,,0,,,,,,,,,,0,,,,,,,,,,0,,,,,,,,,,0,,,,,,,,,,0,,,,,,,,,,0,,,,,,,,,,0,,,,,,,,,,0,,,,,,,,,,0,,,,,,,,,,0,,,,,,,,,,0,,,,,,,,,,0,,,,,,,
,,,,,,,,,,,,,,,,,,,,,,,,,,,,,,,,,,,,,,,,,,,,,,,,,,,,,,,,,,,,,,,,,,,,,,,,,,,,,,,,,,,,,,,,,,,,,,,,,,,,,,,,,,,,,,,,,,,,,,,,,
,,,,,Brought,Kill,Killed,Died,K,T,D,,,,Brought,Kill,Killed,Died,K,T,D,,,,Brought,Kill,Killed,Died,K,T,D,,,,Brought,Kill,Killed,Died,K,T,D,,,,Brought,Kill,Killed,Died,K,T,D,,,,Brought,Kill,Killed,Died,K,T,D,,,,Brought,Kill,Killed,Died,K,T,D,,,,Brought,Kill,Killed,Died,K,T,D,,,,Brought,Kill,Killed,Died,K,T,D,,,,Brought,Kill,Killed,Died,K,T,D,,,,Brought,Kill,Killed,Died,K,T,D,,,,Brought,Kill,Killed,Died,K,T,D
,,0,,,,,,,,,,,,,,,,,,,,,,,,,,,,,,,,,,,,,,,,,,,,,,,,,,,,,,,,,,,,,,,,,,,,,,,,,,,,,,,,,,,,,,,,,,,,,,,,,,,,,,,,,,,,,,,,,,,,,,,
,,,,,,,,,,,,,,,,,,,,,,,,,,,,,,,,,,,,,,,,,,,,,,,,,,,,,,,,,,,,,,,,,,,,,,,,,,,,,,,,,,,,,,,,,,,,,,,,,,,,,,,,,,,,,,,,,,,,,,,,,
,,,,,,,,,,,,,,,,,,,,,,,,,,,,,,,,,,,,,,,,,,,,,,,,,,,,,,,,,,,,,,,,,,,,,,,,,,,,,,,,,,,,,,,,,,,,,,,,,,,,,,,,,,,,,,,,,,,,,,,,,
,,,,,,,,,,,,,,,,,,,,,,,,,,,,,,,,,,,,,,,,,,,,,,,,,,,,,,,,,,,,,,,,,,,,,,,,,,,,,,,,,,,,,,,,,,,,,,,,,,,,,,,,,,,,,,,,,,,,,,,,,
,,,,,,,,,,,,,,,,,,,,,,,,,,,,,,,,,,,,,,,,,,,,,,,,,,,,,,,,,,,,,,,,,,,,,,,,,,,,,,,,,,,,,,,,,,,,,,,,,,,,,,,,,,,,,,,,,,,,,,,,,
,,,,0,,,,,,,,,,0,,,,,,,,,,0,,,,,,,,,,0,,,,,,,,,,0,,,,,,,,,,0,,,,,,,,,,0,,,,,,,,,,0,,,,,,,,,,0,,,,,,,,,,0,,,,,,,,,,0,,,,,,,,,,0,,,,,,,
,,,,,,,,,,,,,,,,,,,,,,,,,,,,,,,,,,,,,,,,,,,,,,,,,,,,,,,,,,,,,,,,,,,,,,,,,,,,,,,,,,,,,,,,,,,,,,,,,,,,,,,,,,,,,,,,,,,,,,,,,
,,,,,Brought,Kill,Killed,Died,K,T,D,,,,Brought,Kill,Killed,Died,K,T,D,,,,Brought,Kill,Killed,Died,K,T,D,,,,Brought,Kill,Killed,Died,K,T,D,,,,Brought,Kill,Killed,Died,K,T,D,,,,Brought,Kill,Killed,Died,K,T,D,,,,Brought,Kill,Killed,Died,K,T,D,,,,Brought,Kill,Killed,Died,K,T,D,,,,Brought,Kill,Killed,Died,K,T,D,,,,Brought,Kill,Killed,Died,K,T,D,,,,Brought,Kill,Killed,Died,K,T,D,,,,Brought,Kill,Killed,Died,K,T,D
,,0,,,,,,,,,,,,,,,,,,,,,,,,,,,,,,,,,,,,,,,,,,,,,,,,,,,,,,,,,,,,,,,,,,,,,,,,,,,,,,,,,,,,,,,,,,,,,,,,,,,,,,,,,,,,,,,,,,,,,,,
,,,,,,,,,,,,,,,,,,,,,,,,,,,,,,,,,,,,,,,,,,,,,,,,,,,,,,,,,,,,,,,,,,,,,,,,,,,,,,,,,,,,,,,,,,,,,,,,,,,,,,,,,,,,,,,,,,,,,,,,,
,,,,,,,,,,,,,,,,,,,,,,,,,,,,,,,,,,,,,,,,,,,,,,,,,,,,,,,,,,,,,,,,,,,,,,,,,,,,,,,,,,,,,,,,,,,,,,,,,,,,,,,,,,,,,,,,,,,,,,,,,
,,,,,,,,,,,,,,,,,,,,,,,,,,,,,,,,,,,,,,,,,,,,,,,,,,,,,,,,,,,,,,,,,,,,,,,,,,,,,,,,,,,,,,,,,,,,,,,,,,,,,,,,,,,,,,,,,,,,,,,,,
,,,,,,,,,,,,,,,,,,,,,,,,,,,,,,,,,,,,,,,,,,,,,,,,,,,,,,,,,,,,,,,,,,,,,,,,,,,,,,,,,,,,,,,,,,,,,,,,,,,,,,,,,,,,,,,,,,,,,,,,,
,,,,0,,,,,,,,,,0,,,,,,,,,,0,,,,,,,,,,0,,,,,,,,,,0,,,,,,,,,,0,,,,,,,,,,0,,,,,,,,,,0,,,,,,,,,,0,,,,,,,,,,0,,,,,,,,,,0,,,,,,,,,,0,,,,,,,
,,,,,,,,,,,,,,,,,,,,,,,,,,,,,,,,,,,,,,,,,,,,,,,,,,,,,,,,,,,,,,,,,,,,,,,,,,,,,,,,,,,,,,,,,,,,,,,,,,,,,,,,,,,,,,,,,,,,,,,,,
,,,,,Brought,Kill,Killed,Died,K,T,D,,,,Brought,Kill,Killed,Died,K,T,D,,,,Brought,Kill,Killed,Died,K,T,D,,,,Brought,Kill,Killed,Died,K,T,D,,,,Brought,Kill,Killed,Died,K,T,D,,,,Brought,Kill,Killed,Died,K,T,D,,,,Brought,Kill,Killed,Died,K,T,D,,,,Brought,Kill,Killed,Died,K,T,D,,,,Brought,Kill,Killed,Died,K,T,D,,,,Brought,Kill,Killed,Died,K,T,D,,,,Brought,Kill,Killed,Died,K,T,D,,,,Brought,Kill,Killed,Died,K,T,D
,,0,,,,,,,,,,,,,,,,,,,,,,,,,,,,,,,,,,,,,,,,,,,,,,,,,,,,,,,,,,,,,,,,,,,,,,,,,,,,,,,,,,,,,,,,,,,,,,,,,,,,,,,,,,,,,,,,,,,,,,,
,,,,,,,,,,,,,,,,,,,,,,,,,,,,,,,,,,,,,,,,,,,,,,,,,,,,,,,,,,,,,,,,,,,,,,,,,,,,,,,,,,,,,,,,,,,,,,,,,,,,,,,,,,,,,,,,,,,,,,,,,
,,,,,,,,,,,,,,,,,,,,,,,,,,,,,,,,,,,,,,,,,,,,,,,,,,,,,,,,,,,,,,,,,,,,,,,,,,,,,,,,,,,,,,,,,,,,,,,,,,,,,,,,,,,,,,,,,,,,,,,,,
,,,,,,,,,,,,,,,,,,,,,,,,,,,,,,,,,,,,,,,,,,,,,,,,,,,,,,,,,,,,,,,,,,,,,,,,,,,,,,,,,,,,,,,,,,,,,,,,,,,,,,,,,,,,,,,,,,,,,,,,,
,,,,,,,,,,,,,,,,,,,,,,,,,,,,,,,,,,,,,,,,,,,,,,,,,,,,,,,,,,,,,,,,,,,,,,,,,,,,,,,,,,,,,,,,,,,,,,,,,,,,,,,,,,,,,,,,,,,,,,,,,
,,,,0,,,,,,,,,,0,,,,,,,,,,0,,,,,,,,,,0,,,,,,,,,,0,,,,,,,,,,0,,,,,,,,,,0,,,,,,,,,,0,,,,,,,,,,0,,,,,,,,,,0,,,,,,,,,,0,,,,,,,,,,0,,,,,,,
,,,,,,,,,,,,,,,,,,,,,,,,,,,,,,,,,,,,,,,,,,,,,,,,,,,,,,,,,,,,,,,,,,,,,,,,,,,,,,,,,,,,,,,,,,,,,,,,,,,,,,,,,,,,,,,,,,,,,,,,,
,,,,,Brought,Kill,Killed,Died,K,T,D,,,,Brought,Kill,Killed,Died,K,T,D,,,,Brought,Kill,Killed,Died,K,T,D,,,,Brought,Kill,Killed,Died,K,T,D,,,,Brought,Kill,Killed,Died,K,T,D,,,,Brought,Kill,Killed,Died,K,T,D,,,,Brought,Kill,Killed,Died,K,T,D,,,,Brought,Kill,Killed,Died,K,T,D,,,,Brought,Kill,Killed,Died,K,T,D,,,,Brought,Kill,Killed,Died,K,T,D,,,,Brought,Kill,Killed,Died,K,T,D,,,,Brought,Kill,Killed,Died,K,T,D
,,0,,,,,,,,,,,,,,,,,,,,,,,,,,,,,,,,,,,,,,,,,,,,,,,,,,,,,,,,,,,,,,,,,,,,,,,,,,,,,,,,,,,,,,,,,,,,,,,,,,,,,,,,,,,,,,,,,,,,,,,
,,,,,,,,,,,,,,,,,,,,,,,,,,,,,,,,,,,,,,,,,,,,,,,,,,,,,,,,,,,,,,,,,,,,,,,,,,,,,,,,,,,,,,,,,,,,,,,,,,,,,,,,,,,,,,,,,,,,,,,,,
,,,,,,,,,,,,,,,,,,,,,,,,,,,,,,,,,,,,,,,,,,,,,,,,,,,,,,,,,,,,,,,,,,,,,,,,,,,,,,,,,,,,,,,,,,,,,,,,,,,,,,,,,,,,,,,,,,,,,,,,,
,,,,,,,,,,,,,,,,,,,,,,,,,,,,,,,,,,,,,,,,,,,,,,,,,,,,,,,,,,,,,,,,,,,,,,,,,,,,,,,,,,,,,,,,,,,,,,,,,,,,,,,,,,,,,,,,,,,,,,,,,
,,,,,,,,,,,,,,,,,,,,,,,,,,,,,,,,,,,,,,,,,,,,,,,,,,,,,,,,,,,,,,,,,,,,,,,,,,,,,,,,,,,,,,,,,,,,,,,,,,,,,,,,,,,,,,,,,,,,,,,,,
,,,,0,,,,,,,,,,0,,,,,,,,,,0,,,,,,,,,,0,,,,,,,,,,0,,,,,,,,,,0,,,,,,,,,,0,,,,,,,,,,0,,,,,,,,,,0,,,,,,,,,,0,,,,,,,,,,0,,,,,,,,,,0,,,,,,,