,,,,,,,,,,,,,,,,,,,,,,,,,,,,,,,,,,,,,,,,,,,,,,,,,,,,,,,,,,,,,,,,,,,,,,,,,,,,,,,,,,,,,,,,,,,,,,,,,,,,,,,,,,,,,,,,,,,,,,,,,
,,,,,,,,,,,,,,,,,,,,,,,,,,,,,,,,,,,,,,,,,,,,,,,,,,,,,,,,,,,,,,,,,,,,,,,,,,,,,,,,,,,,,,,,,,,,,,,,,,,,,,,,,,,,,,,,,,,,,,,,,
,,,,,,Week 1,,,,,,,,,,Week 2,,,,,,,,,,Week 3,,,,,,,,,,Week 4,,,,,,,,,,Week 5,,,,,,,,,,Week 6,,,,,,,,,,Week 7,,,,,,,,,,Week 8,,,,,,,,,,Week 9,,,,,,,,,,Week 10,,,,,,,,,,Week 11,,,,,,,,,,Week 12,,,,,
,,Total '+/-,Sin City Sableye,,Brought,Kill,Killed,Died,K,T,D,,Sin City Sableye,,Brought,Kill,Killed,Died,K,T,D,,Sin City Sableye,,Brought,Kill,Killed,Died,K,T,D,,Sin City Sableye,,Brought,Kill,Killed,Died,K,T,D,,Sin City Sableye,,Brought,Kill,Killed,Died,K,T,D,,Sin City Sableye,,Brought,Kill,Killed,Died,K,T,D,,Sin City Sableye,,Brought,Kill,Killed,Died,K,T,D,,Sin City Sableye,,Brought,Kill,Killed,Died,K,T,D,,Sin City Sableye,,Brought,Kill,Killed,Died,K,T,D,,Sin City Sableye,,Brought,Kill,Killed,Died,K,T,D,,Sin City Sableye,,Brought,Kill,Killed,Died,K,T,D,,Sin City Sableye,,Brought,Kill,Killed,Died,K,T,D
,,-8,,,Walking Wake,Gouging Fire,Indeedee,Gouging Fire,1,2,1,,,,Ninetales,Skuntank,Great Tusk,Scizor,1,5,1,,,,Gouging Fire,Diancie,Ogerpon-Cornerstone,Diancie,1,4,1,,,,Ninetales,,,Ursaluna,,,1,,,,Gouging Fire,Raging Bolt,Slowking-Galar,Skuntank,1,,1,,,,Scizor,Scizor,Mandibuzz,Ursaluna,1,3,1,,,,,,,,,,,,,,,,,,,,,,,,,,,,,,,,,,,,,,,,,,,,,,,,,,,,,,,,,,,,
,,,,,Gouging Fire,Scovillain,Skarmory,Raging Bolt,1,4,1,,,,Scovillain,Ursaluna,Volcanion,Skuntank,1,3,1,,,,Diancie,Diancie,Milotic,Ninetales,1,3,1,,,,Sawsbuck,,,Skuntank,,,1,,,,Skuntank,Scizor,Donphan,Raging Bolt,1,3,1,,,,Walking Wake,Scizor,Dragalge,Diancie,1,2,1,,,,,,,,,,,,,,,,,,,,,,,,,,,,,,,,,,,,,,,,,,,,,,,,,,,,,,,,,,,,
,,,,,Scovillain,Scovillain,Sneasler,Walking Wake,1,5,1,,,,Walking Wake,Ursaluna,Greninja,Ninetales,1,5,1,,,,Scizor,Diancie,Corviknight,Gouging Fire,1,4,1,,,,Raging Bolt,,,Ninetales,,,1,,,,Raging Bolt,Gouging Fire,Whimsicott,Ursaluna,1,2,1,,,,Skuntank,,,Skuntank,,,1,,,,,,,,,,,,,,,,,,,,,,,,,,,,,,,,,,,,,,,,,,,,,,,,,,,,,,,,,,,,
,,,,,Scizor,,,Scizor,,,1,,,,Scizor,,,Ursaluna,,,1,,,,Sawsbuck,Ninetales,Regieleki,Walking Wake,1,3,1,,,,Ursaluna,,,Gouging Fire,,,1,,,,Scizor,Gouging Fire,Tauros-Paldea-Water,,1,3,,,,,Ursaluna,,,Walking Wake,,,1,,,,,,,,,,,,,,,,,,,,,,,,,,,,,,,,,,,,,,,,,,,,,,,,,,,,,,,,,,,,
,,,,,Ninetales,,,Ninetales,,,1,,,,Skuntank,,,Scovillain,,,1,,,,Ninetales,Gouging Fire,Iron Valiant,Sawsbuck,1,5,1,,,,Gouging Fire,,,Raging Bolt,,,1,,,,Ursaluna,Gouging Fire,Samurott-Hisui,,1,4,,,,,Diancie,,,Scizor,,,1,,,,,,,,,,,,,,,,,,,,,,,,,,,,,,,,,,,,,,,,,,,,,,,,,,,,,,,,,,,,
,,,Lose,-3,Raging Bolt,,,Scovillain,,,1,,Lose,-3,Ursaluna,,,Walking Wake,,,1,,Lose,-1,Walking Wake,,,Scizor,,,1,,Lose,-6,Skuntank,,,Sawsbuck,,,1,,Win,3,Diancie,Gouging Fire,Spectrier,,1,5,,,Lose,-4,Gouging Fire,,,Gouging Fire,,,1,,Win,3,,,,,,,,,Win,3,,,,,,,,,,0,,,,,,,,,,0,,,,,,,,,,0,,,,,,,,,,0,,,,,,,
,,,,,,,,,,,,,,,,,,,,,,,,,,,,,,,,,,,,,,,,,,,,,,,,,,,,,,,,,,,,,,,,,,,,,,,,,,,,,,,,,,,,,,,,,,,,,,,,,,,,,,,,,,,,,,,,,,,,,,,,,
,,,Sunnyside Screamtails,,Brought,Kill,Killed,Died,K,T,D,,Sunnyside Screamtails,,Brought,Kill,Killed,Died,K,T,D,,Sunnyside Screamtails,,Brought,Kill,Killed,Died,K,T,D,,Sunnyside Screamtails,,Brought,Kill,Killed,Died,K,T,D,,Sunnyside Screamtails,,Brought,Kill,Killed,Died,K,T,D,,Sunnyside Screamtails,,Brought,Kill,Killed,Died,K,T,D,,Sunnyside Screamtails,,Brought,Kill,KIlled,Died,K,T,D,,Sunnyside Screamtails,,Brought,Kill,Killed,Died,K,T,D,,Sunnyside Screamtails,,Brought,Kill,Killed,Died,K,T,D,,Sunnyside Screamtails,,Brought,Kill,Killed,Died,K,T,D,,Sunnyside Screamtails,,Brought,Kill,Killed,Died,K,T,D,,Sunnyside Screamtails,,Brought,Kill,Killed,Died,K,T,D
,,14,,,Iron Valiant,Ogerpon-Cornerstone,Annihilape,Iron Valiant,1,5,1,,,,Ogerpon-Cornerstone,Dragonite,Goodra-Hisui,Ogerpon-Cornerstone,1,4,1,,,,Dragonite,Dragonite,Diancie,Ogerpon-Cornerstone,1,2,1,,,,Cryogonal,Typhlosion-Hisui,Ogerpon-Wellspring,Gligar,1,5,1,,,,Iron Valiant,Cryogonal,Brambleghast,Gligar,1,2,1,,,,Corviknight,Rillaboom,Volcanion,Glaceon,1,3,1,,,,Corviknight,Iron Valiant,Pecharunt,Swalot,1,4,1,,,,Glaceon,Entei,Terapagos,Entei,1,4,1,,,,,,,,,,,,,,,,,,,,,,,,,,,,,,,,,,,,,,,,
,,,,,Dragonite,Dragonite,Rotom-Wash,Dragonite,1,4,1,,,,Corviknight,Overqwil,Donphan,Iron Valiant,1,3,1,,,,Milotic,Iron Valiant,Ninetales,Milotic,1,2,1,,,,Typhlosion-Hisui,Iron Valiant,Blaziken,Milotic,1,5,1,,,,Gligar,Iron Valiant,Primarina,Corviknight,1,4,1,,,,Porygon2,Iron Valiant,Sinistcha,Rillaboom,1,2,1,,,,Glaceon,Iron Valiant,Tentacruel,Corviknight,1,2,1,,,,Entei,Dragonite,Heatran,Magneton,1,4,1,,,,,,,,,,,,,,,,,,,,,,,,,,,,,,,,,,,,,,,,
,,,,,Corviknight,Dragonite,Fezandipiti,Corviknight,1,3,1,,,,Milotic,Corviknight,Samurott-Hisui,Overqwil,1,4,1,,,,Corviknight,Dragonite,Gouging Fire,Corviknight,1,5,1,,,,Iron Valiant,Typhlosion-Hisui,Latios,Cryogonal,1,5,1,,,,Cryogonal,Regieleki,Krookodile,,1,4,,,,,Glaceon,Dragonite,Great Tusk,Porygon2,1,5,1,,,,Phione,Iron Valiant,Wo-Chien,,1,2,,,,,Iron Valiant,Iron Valiant,Mew,Glaceon,1,3,1,,,,,,,,,,,,,,,,,,,,,,,,,,,,,,,,,,,,,,,,
,,,,,Milotic,Dragonite,Cyclizar,Ogerpon-Cornerstone,1,2,1,,,,Dragonite,Dragonite,Slowking-Galar,Milotic,1,,1,,,,Iron Valiant,Dragonite,Walking Wake,Regieleki,1,5,1,,,,Dragonite,Typhlosion-Hisui,Clefable,Iron Valiant,1,4,1,,,,Regieleki,Regieleki,Skarmory,,1,4,,,,,Rillaboom,Corviknight,Vikavolt,Iron Valiant,1,2,1,,,,Swalot,Iron Valiant,Dragapult,,1,5,,,,,Dragonite,Iron Valiant,Tornadus-Therian,,1,4,,,,,,,,,,,,,,,,,,,,,,,,,,,,,,,,,,,,,,,,,
,,,,,Ogerpon-Cornerstone,Dragonite,Garchomp,Gligar,1,5,1,,,,Iron Valiant,Dragonite,Spectrier,,1,5,,,,,Ogerpon-Cornerstone,Dragonite,Sawsbuck,Iron Valiant,1,1,1,,,,Milotic,,,Dragonite,,,1,,,,Corviknight,Cryogonal,Indeedee,,1,2,,,,,Dragonite,Corviknight,Grafaiai,Dragonite,1,2,1,,,,Porygon2,Iron Valiant,Appletun,,1,1,,,,,Corviknight,Iron Valiant,Darkrai,,1,5,,,,,,,,,,,,,,,,,,,,,,,,,,,,,,,,,,,,,,,,,
,,,Win,1,Gligar,Milotic,Mienshao,,1,3,,,Win,2,Overqwil,Dragonite,Whimsicott,,1,2,,,Win,1,Regieleki,Dragonite,Scizor,,1,4,,,Lose,-2,Gligar,,,Typhlosion-Hisui,,,1,,Win,4,Dragonite,Dragonite,Iron Bundle,,1,5,,,Win,1,Iron Valiant,Corviknight,Roaring Moon,,1,5,,,Win,4,Iron Valiant,Iron Valiant,Iron Crown,,1,4,,,Win,3,Magneton,Iron Valiant,Quagsire,,1,2,,,,0,,,,,,,,,,0,,,,,,,,,,0,,,,,,,,,,0,,,,,,,
,,,,,,,,,,,,,,,,,,,,,,,,,,,,,,,,,,,,,,,,,,,,,,,,,,,,,,,,,,,,,,,,,,,,,,,,,,,,,,,,,,,,,,,,,,,,,,,,,,,,,,,,,,,,,,,,,,,,,,,,,
,,,Tokyo Teddiursas,,Brought,Kill,Killed,Died,K,T,D,,Tokyo Teddiursas,,Brought,Kill,Killed,Died,K,T,D,,Tokyo Teddiursas,,Brought,Kill,Killed,Died,K,T,D,,Tokyo Teddiursas,,Brought,Kill,Killed,Died,K,T,D,,Tokyo Teddiursas,,Brought,Kill,Killed,Died,K,T,D,,Tokyo Teddiursas,,Brought,Kill,Killed,Died,K,T,D,,Tokyo Teddiursas,,Brought,Kill,Killed,Died,K,T,D,,Tokyo Teddiursas,,Brought,Kill,Killed,Died,K,T,D,,Tokyo Teddiursas,,Brought,Kill,Killed,Died,K,T,D,,Tokyo Teddiursas,,Brought,Kill,Killed,Died,K,T,D,,Tokyo Teddiursas,,Brought,Kill,Killed,Died,K,T,D,,Tokyo Teddiursas,,Brought,Kill,Killed,Died,K,T,D
,,3,,,Garchomp,Rotom-Wash,Gligar,Garchomp,1,1,1,,,,Garchomp,Garchomp,Enamorus,Garchomp,1,5,1,,,,Garchomp,Garchomp,Rotom-Frost,Alomomola,1,2,1,,,,Garchomp,Alomomola,Roaring Moon,Fezandipiti,1,5,1,,,,Garchomp,Garchomp,Cinderace,,1,5,,,,,Garchomp,Cyclizar,Masquerain,,1,2,,,,,Infernape,,,Arboliva,,,1,,,,Garchomp,Fezandipiti,Keldeo,Metagross,1,4,1,,,,,,,,,,,,,,,,,,,,,,,,,,,,,,,,,,,,,,,,
,,,,,Annihilape,Annihilape,Iron Valiant,Annihilape,1,5,1,,,,Rotom-Wash,,,Rotom-Wash,,,1,,,,Rotom-Wash,Fezandipiti,Tauros-Paldea-Water,Garchomp,1,3,1,,,,Rotom-Wash,Heatran,Vikavolt,Garchomp,1,2,1,,,,Tropius,Garchomp,Ting-Lu,,1,4,,,,,Alomomola,Weavile,Pecharunt,,1,4,,,,,Arboliva,,,Annihilape,,,1,,,,Arboliva,Weavile,Landorus-Therian,Fezandipiti,1,4,1,,,,,,,,,,,,,,,,,,,,,,,,,,,,,,,,,,,,,,,,
,,,,,Fezandipiti,Mienshao,Corviknight,Fezandipiti,1,4,1,,,,Cyclizar,,,Naclstack,,,1,,,,Fezandipiti,Garchomp,Slowking-Galar,,1,,,,,,Fezandipiti,,,Rotom-Wash,,,1,,,,Cyclizar,Heatran,Zoroark-Hisui,,1,3,,,,,Fezandipiti,Weavile,Thundurus-Therian,,1,4,,,,,Alomomola,,,Cyclizar,,,1,,,,Fezandipiti,Weavile,Meowscarada,Cyclizar,1,5,1,,,,,,,,,,,,,,,,,,,,,,,,,,,,,,,,,,,,,,,,
,,,,,Rotom-Wash,Fezandipiti,Dragonite,Rotom-Wash,1,4,1,,,,Naclstack,,,Mienshao,,,1,,,,Cyclizar,Cyclizar,Whimsicott,,1,2,,,,,Heatran,,,Alomomola,,,1,,,,Heatran,Heatran,Articuno-Galar,,1,2,,,,,Cyclizar,Metagross,Appletun,,1,1,,,,,Cyclizar,,,Metagross,,,1,,,,Cyclizar,Weavile,Florges,,1,2,,,,,,,,,,,,,,,,,,,,,,,,,,,,,,,,,,,,,,,,,
,,,,,Mienshao,Mienshao,Ogerpon-Cornerstone,Mienshao,1,4,1,,,,Mienshao,,,Fezandipiti,,,1,,,,Annihilape,Rotom-Wash,Samurott-Hisui,,1,4,,,,,Annihilape,,,Heatran,,,1,,,,Naclstack,Heatran,Ninetales-Alola,,1,4,,,,,Weavile,Garchomp,Iron Crown,,1,4,,,,,Annihilape,,,Annihilape,,,1,,,,Weavile,Arboliva,Deoxys-Speed,,1,5,,,,,,,,,,,,,,,,,,,,,,,,,,,,,,,,,,,,,,,,,
,,,Lose,-1,Cyclizar,,,Cyclizar,,,1,,Lose,-5,Fezandipiti,,,Cyclizar,,,1,,Win,4,Alomomola,Cyclizar,Spectrier,,1,5,,,Lose,-4,Alomomola,,,Annihilape,,,1,,Win,6,Mienshao,Heatran,Baxcalibur,,1,5,,,Win,6,Metagross,Weavile,Dragapult,,1,5,,,Lose,-6,Metagross,,,Alomomola,,,1,,Win,3,Metagross,Arboliva,Mandibuzz,,1,3,,,,0,,,,,,,,,,0,,,,,,,,,,0,,,,,,,,,,0,,,,,,,
,,,,,,,,,,,,,,,,,,,,,,,,,,,,,,,,,,,,,,,,,,,,,,,,,,,,,,,,,,,,,,,,,,,,,,,,,,,,,,,,,,,,,,,,,,,,,,,,,,,,,,,,,,,,,,,,,,,,,,,,,
,,,Cherry Hill Bellsprouts,,Brought,Kill,Killed,Died,K,T,D,,Cherry Hill Bellsprouts,,Brought,Kill,Killed,Died,K,T,D,,Cherry Hill Bellsprouts,,Brought,Kill,Killed,Died,K,T,D,,Cherry Hill Bellsprouts,,Brought,Kill,Killed,Died,K,T,D,,Cherry Hill Bellsprouts,,Brought,Kill,Killed,Died,K,T,D,,Cherry Hill Bellsprouts,,Brought,Kill,Killed,Died,K,T,D,,Cherry Hill Bellsprouts,,Brought,Kill,Killed,Died,K,T,D,,Cherry Hill Bellsprouts,,Brought,Kill,Killed,Died,K,T,D,,Cherry Hill Bellsprouts,,Brought,Kill,Killed,Died,K,T,D,,Cherry Hill Bellsprouts,,Brought,Kill,Killed,Died,K,T,D,,Cherry Hill Bellsprouts,,Brought,Kill,Killed,Died,K,T,D,,Cherry Hill Bellsprouts,,Brought,Kill,Killed,Died,K,T,D
,,-7,,,Iron Crown,Iron Crown,Archaludon,Iron Crown,1,4,1,,,,Appletun,Gliscor,Clodsire,Gliscor,1,3,1,,,,Pecharunt,Thundurus-Therian,Ninetales-Alola,Iron Crown,1,4,1,,,,Pecharunt,,,Wo-Chien,,,1,,,,Tentacruel,Dragapult,Tornadus-Therian,Tentacruel,1,4,1,,,,Pecharunt,,,Masquerain,,,1,,,,Tentacruel,Wo-Chien,Swalot,Pecharunt,1,1,1,,,,,,,,,,,,,,,,,,,,,,,,,,,,,,,,,,,,,,,,,,,,,,,,,,
,,,,,Gliscor,Appletun,Lokix,Gliscor,1,3,1,,,,Gliscor,Gliscor,Regirock,Appletun,1,2,1,,,,Grimmsnarl,Appletun,Scyther,Grimmsnarl,1,2,1,,,,Tentacruel,,,Tentacruel,,,1,,,,Pecharunt,Iron Crown,Terapagos,Appletun,1,4,1,,,,Masquerain,,,Pecharunt,,,1,,,,Pecharunt,Wo-Chien,Corviknight,Tentacruel,1,4,1,,,,,,,,,,,,,,,,,,,,,,,,,,,,,,,,,,,,,,,,,,,,,,,,,,
,,,,,Appletun,Pecharunt,Iron Boulder,Appletun,1,4,1,,,,Iron Crown,Thundurus-Therian,Kingambit,Wo-Chien,1,5,1,,,,Dragapult,Thundurus-Therian,Ting-Lu,Appletun,1,4,1,,,,Wo-Chien,,,Appletun,,,1,,,,Wo-Chien,Dragapult,Darkrai,Wo-Chien,1,5,1,,,,Appletun,,,Thundurus-Therian,,,1,,,,Wo-Chien,,,Wo-Chien,,,1,,,,,,,,,,,,,,,,,,,,,,,,,,,,,,,,,,,,,,,,,,,,,,,,,,
,,,,,Dragapult,Appletun,Jolteon,Dragapult,1,2,1,,,,Dragapult,Wo-Chien,Ditto,Thundurus-Therian,1,1,1,,,,Iron Crown,Appletun,Empoleon,,1,4,,,,,Dragapult,,,Pecharunt,,,1,,,,Dragapult,Pecharunt,Mew,,1,3,,,,,Thundurus-Therian,,,Appletun,,,1,,,,Dragapult,,,Dragapult,,,1,,,,,,,,,,,,,,,,,,,,,,,,,,,,,,,,,,,,,,,,,,,,,,,,,,
,,,,,Grimmsnarl,,,Grimmsnarl,,,1,,,,Wo-Chien,Iron Crown,Gholdengo,,1,4,,,,,Appletun,Pecharunt,Baxcalibur,,1,5,,,,,Appletun,,,Dragapult,,,1,,,,Iron Crown,Iron Crown,Quagsire,,1,2,,,,,Dragapult,,,Iron Crown,,,1,,,,Cobalion,,,Appletun,,,1,,,,,,,,,,,,,,,,,,,,,,,,,,,,,,,,,,,,,,,,,,,,,,,,,,
,,,Lose,-2,Pecharunt,,,Pecharunt,,,1,,Win,2,Thundurus-Therian,Iron Crown,Ursaluna-Bloodmoon,,1,5,,,Win,3,Thundurus-Therian,Pecharunt,Cinderace,,1,5,,,Lose,-6,Thundurus-Therian,,,Thundurus-Therian,,,1,,Win,3,Appletun,Iron Crown,Alcremie,,1,2,,,Lose,-6,Iron Crown,,,Dragapult,,,1,,Lose,-4,Appletun,,,Iron Crown,,,1,,Win,3,,,,,,,,,,0,,,,,,,,,,0,,,,,,,,,,0,,,,,,,,,,0,,,,,,,
,,,,,,,,,,,,,,,,,,,,,,,,,,,,,,,,,,,,,,,,,,,,,,,,,,,,,,,,,,,,,,,,,,,,,,,,,,,,,,,,,,,,,,,,,,,,,,,,,,,,,,,,,,,,,,,,,,,,,,,,,
,,,Gholdengo Champions,,Brought,Kill,Killed,Died,K,T,D,,Gholdengo Champions,,Brought,Kill,Killed,Died,K,T,D,,Gholdengo Champions,,Brought,Kill,Killed,Died,K,T,D,,Gholdengo Champions,,Brought,Kill,Killed,Died,K,T,D,,Gholdengo Champions,,Brought,Kill,Killed,Died,K,T,D,,Gholdengo Champions,,Brought,Kill,Killed,Died,K,T,D,,Gholdengo Champions,,Brought,Kill,Killed,Died,K,T,D,,Gholdengo Champions,,Brought,Kill,Killed,Died,K,T,D,,Gholdengo Champions,,Brought,Kill,Killed,Died,K,T,D,,Gholdengo Champions,,Brought,Kill,Killed,Died,K,T,D,,Gholdengo Champions,,Brought,Kill,Killed,Died,K,T,D,,Gholdengo Champions,,Brought,Kill,Killed,Died,K,T,D
,,-36,,,Ditto,Clodsire,Ting-Lu,Ditto,1,4,1,,,,Ditto,Ursaluna-Bloodmoon,Gliscor,Clodsire,1,4,1,,,,Decidueye-Hisui,Ursaluna-Bloodmoon,Sylveon,Clodsire,1,3,1,,,,Gholdengo,Ludicolo,Revavroom,Gholdengo,1,2,1,,,,Gholdengo,,,Kyurem,,,1,,,,Gholdengo,Ogerpon-Hearthflame,Krookodile,Clodsire,1,4,1,,,,,,,,,,,,,,,,,,,,,,,,,,,,,,,,,,,,,,,,,,,,,,,,,,,,,,,,,,,,
,,,,,Kingambit,Kingambit,Empoleon,Kingambit,1,4,1,,,,Kingambit,Gholdengo,Appletun,Regirock,1,1,1,,,,Coalossal,,,Coalossal,,,1,,,,Ditto,,,Ditto,,,1,,,,Ursaluna-Bloodmoon,,,Azumarill,,,1,,,,Clodsire,Ursaluna-Bloodmoon,Snorlax,Kyurem,1,2,1,,,,,,,,,,,,,,,,,,,,,,,,,,,,,,,,,,,,,,,,,,,,,,,,,,,,,,,,,,,,
,,,,,Kyurem,,,Kyurem,,,1,,,,Regirock,Ursaluna-Bloodmoon,Wo-Chien,Kingambit,1,2,1,,,,Zarude,,,Ursaluna-Bloodmoon,,,1,,,,Starly,,,Starly,,,1,,,,Starly,,,Clodsire,,,1,,,,Virizion,Virizion,Latias,Ursaluna-Bloodmoon,1,4,1,,,,,,,,,,,,,,,,,,,,,,,,,,,,,,,,,,,,,,,,,,,,,,,,,,,,,,,,,,,,
,,,,,Ursaluna-Bloodmoon,,,Ursaluna-Bloodmoon,,,1,,,,Ursaluna-Bloodmoon,Gholdengo,Thundurus-Therian,Ditto,1,4,1,,,,Ursaluna-Bloodmoon,,,Decidueye-Hisui,,,1,,,,Clodsire,,,Clodsire,,,1,,,,Clodsire,,,Starly,,,1,,,,Ursaluna-Bloodmoon,,,Ogerpon-Hearthflame,,,1,,,,,,,,,,,,,,,,,,,,,,,,,,,,,,,,,,,,,,,,,,,,,,,,,,,,,,,,,,,,
,,,,,Gholdengo,,,Gholdengo,,,1,,,,Gholdengo,,,Gholdengo,,,1,,,,Gholdengo,,,Zarude,,,1,,,,Ludicolo,,,Ludicolo,,,1,,,,Kyurem,,,Ursaluna-Bloodmoon,,,1,,,,Kyurem,,,Virizion,,,1,,,,,,,,,,,,,,,,,,,,,,,,,,,,,,,,,,,,,,,,,,,,,,,,,,,,,,,,,,,,
,,,Lose,-4,Clodsire,,,Clodsire,,,1,,Lose,-2,Clodsire,,,Ursaluna-Bloodmoon,,,1,,Lose,-5,Clodsire,,,Gholdengo,,,1,,Lose,-5,Azumarill,,,Azumarill,,,1,,Lose,-6,Azumarill,,,Gholdengo,,,1,,Lose,-3,Ogerpon-Hearthflame,,,Gholdengo,,,1,,Lose,-5,,,,,,,,,Lose,-6,,,,,,,,,,0,,,,,,,,,,0,,,,,,,,,,0,,,,,,,,,,0,,,,,,,
,,,,,,,,,,,,,,,,,,,,,,,,,,,,,,,,,,,,,,,,,,,,,,,,,,,,,,,,,,,,,,,,,,,,,,,,,,,,,,,,,,,,,,,,,,,,,,,,,,,,,,,,,,,,,,,,,,,,,,,,,
,,,Helsinki Jellicent Klub,,Brought,Kill,Killed,Died,K,T,D,,Helsinki Jellicent Klub,,Brought,Kill,Killed,Died,K,T,D,,Helsinki Jellicent Klub,,Brought,Kill,Killed,Died,K,T,D,,Helsinki Jellicent Klub,,Brought,Kill,Killed,Died,K,T,D,,Helsinki Jellicent Klub,,Brought,Kill,Killed,Died,K,T,D,,Helsinki Jellicent Klub,,Brought,Kill,Killed,Died,K,T,D,,Helsinki Jellicent Klub,,Brought,Kill,Killed,Died,K,T,D,,Helsinki Jellicent Klub,,Brought,Kill,Killed,Died,K,T,D,,Helsinki Jellicent Klub,,Brought,Kill,Killed,Died,K,T,D,,Helsinki Jellicent Klub,,Brought,Kill,Killed,Died,K,T,D,,Helsinki Jellicent Klub,,Brought,Kill,Killed,Died,K,T,D,,Helsinki Jellicent Klub,,Brought,Kill,Killed,Died,K,T,D
,,10,,,Sneasler,Sneasler,Scizor,Skarmory,1,4,1,,,,Iron Bundle,Sneasler,Darkrai,Latias,1,5,1,,,,Primarina,Iron Bundle,Pelipper,Latias,1,3,1,,,,Snorlax,Sneasler,Seviper,Skarmory,1,1,1,,,,Iron Bundle,Skarmory,Gligar,Brambleghast,1,1,1,,,,Sneasler,Indeedee,Clodsire,Krookodile,1,3,1,,,,Latias,Snorlax,Arboliva,,1,1,,,,,Iron Bundle,Primarina,Toucannon,Krookodile,1,1,1,,,,,,,,,,,,,,,,,,,,,,,,,,,,,,,,,,,,,,,,
,,,,,Indeedee,Krookodile,Raging Bolt,Sneasler,1,4,1,,,,Sneasler,Iron Bundle,Alcremie,Sneasler,1,2,1,,,,Latias,Iron Bundle,Zapdos,Primarina,1,4,1,,,,Iron Bundle,Snorlax,Empoleon,Primarina,1,4,1,,,,Indeedee,Skarmory,Corviknight,Primarina,1,4,1,,,,Primarina,Primarina,Kyurem,Snorlax,1,4,1,,,,Iron Bundle,snorlax,Annihilape,,1,5,,,,,sneasler,Primarina,Slowking,,1,4,,,,,,,,,,,,,,,,,,,,,,,,,,,,,,,,,,,,,,,,,
,,,,,Latias,Sneasler,Ninetales,Indeedee,1,2,1,,,,Skarmory,,,Skarmory,,,1,,,,Iron Bundle,Iron Bundle,Archaludon,Snorlax,1,4,1,,,,Sneasler,Sneasler,Cinderace,Iron Bundle,1,5,1,,,,Brambleghast,,,Krookodile,,,1,,,,Indeedee,Indeedee,Ursaluna-Bloodmoon,Latias,1,5,1,,,,Indeedee,Skarmory,Cyclizar,,1,2,,,,,Latias,Primarina,Glimmora,,1,4,,,,,,,,,,,,,,,,,,,,,,,,,,,,,,,,,,,,,,,,,
,,,,,Primarina,Indeedee,Scovillain,,1,1,,,,,Tsareena,,,Snorlax,,,1,,,,Sneasler,Sneasler,Amoonguss,Sneasler,1,3,1,,,,Primarina,Snorlax,Articuno-Galar,,1,2,,,,,Skarmory,,,Skarmory,,,1,,,,Latias,Indeedee,Ogerpon-Hearthflame,,1,5,,,,,Skarmory,Skarmory,Metagross,,1,4,,,,,Primarina,Primarina,Iron Hands,,1,4,,,,,,,,,,,,,,,,,,,,,,,,,,,,,,,,,,,,,,,,,
,,,,,Skarmory,Latias,Gouging Fire,,1,5,,,,,Snorlax,,,Tsareena,,,1,,,,Snorlax,,,Skarmory,,,1,,,,Skarmory,Snorlax,Ninetales-Alola,,1,4,,,,,Krookodile,,,Indeedee,,,1,,,,Snorlax,Primarina,Virizion,,1,2,,,,,Primarina,Skarmory,Annihilape,,1,5,,,,,Krookodile,Primarina,Incineroar,,1,2,,,,,,,,,,,,,,,,,,,,,,,,,,,,,,,,,,,,,,,,,
,,,Win,3,Krookodile,Latias,Walking Wake,,1,5,,,Lose,-4,Latias,,,Iron Bundle,,,1,,Lose,-2,Skarmory,,,Iron Bundle,,,1,,Win,3,Indeedee,Indeedee,Baxcalibur,,1,5,,,Lose,-4,Primarina,,,Iron Bundle,,,1,,Win,3,Krookodile,Sneasler,Gholdengo,,1,4,,,Win,6,Snorlax,Skarmory,Alomomola,,1,2,,,Win,5,Snorlax,Primarina,Enamorus,,1,5,,,,0,,,,,,,,,,0,,,,,,,,,,0,,,,,,,,,,0,,,,,,,
,,,,,,,,,,,,,,,,,,,,,,,,,,,,,,,,,,,,,,,,,,,,,,,,,,,,,,,,,,,,,,,,,,,,,,,,,,,,,,,,,,,,,,,,,,,,,,,,,,,,,,,,,,,,,,,,,,,,,,,,,
,,,Nevada County Caterpies,,Brought,Kill,Killed,Died,K,T,D,,Nevada County Caterpies,,Brought,Kill,Killed,Died,K,T,D,,Nevada County Caterpies,,Brought,Kill,Killed,Died,K,T,D,,Nevada County Caterpies,,Brought,Kill,Killed,Died,K,T,D,,Nevada County Caterpies,,Brought,Kill,Killed,Died,K,T,D,,Nevada County Caterpies,,Brought,Kill,Killed,Died,K,T,D,,Nevada County Caterpies,,Brought,Kill,Killed,Died,K,T,D,,Nevada County Caterpies,,Brought,Kill,Killed,Died,K,T,D,,Nevada County Caterpies,,Brought,Kill,Killed,Died,K,T,D,,Nevada County Caterpies,,Brought,Kill,Killed,Died,K,T,D,,Nevada County Caterpies,,Brought,Kill,Killed,Died,K,T,D,,Nevada County Caterpies,,Brought,Kill,Killed,Died,K,T,D
,,21,,,Great Tusk,Sylveon,Clefable,Greninja,1,4,1,,,,Roaring Moon,Great Tusk,Scizor,Great Tusk,1,4,1,,,,Regieleki,Greninja,Clodsire,Sylveon,1,3,1,,,,Roaring Moon,Sinistcha,Fezandipiti,Roaring Moon,1,3,1,,,,Sylveon,Greninja,Deoxys-Speed,,1,5,,,,,Great Tusk,Volcanion,Glaceon,Volcanion,1,1,1,,,,Vikavolt,Volcanion,Weezing,Greninja,1,2,1,,,,Volcanion,Volcanion,Archaludon,Volcanion,1,4,1,,,,,,,,,,,,,,,,,,,,,,,,,,,,,,,,,,,,,,,,
,,,,,Volcanion,Great Tusk,Ogerpon-Wellspring,Volcanion,1,5,1,,,,Grafaiai,Volcanion,Skuntank,Volcanion,1,1,1,,,,Great Tusk,Volcanion,Coalossal,,1,1,,,,,Sinistcha,Vikavolt,Garchomp,Vikavolt,1,5,1,,,,Greninja,Roaring Moon,Meowscarada,,1,5,,,,,Roaring Moon,Grafaiai,Rillaboom,Sinistcha,1,4,1,,,,Great Tusk,Greninja,Tornadus-Therian,Sylveon,1,4,1,,,,Flygon,Volcanion,Weezing-Galar,Sylveon,1,2,1,,,,,,,,,,,,,,,,,,,,,,,,,,,,,,,,,,,,,,,,
,,,,,Roaring Moon,Great Tusk,Toedscruel,Great Tusk,1,2,1,,,,Sylveon,Roaring Moon,Ursaluna,Greninja,1,4,1,,,,Sylveon,Volcanion,Ursaluna-Bloodmoon,,1,5,,,,,Great Tusk,Vikavolt,Rotom-Wash,,1,4,,,,,Registeel,Vikavolt,Keldeo,,1,4,,,,,Vikavolt,Sinistcha,Porygon2,Great Tusk,1,2,1,,,,Volcanion,Volcanion,Terapagos,Sinistcha,1,4,1,,,,Vikavolt,Sylveon,Amoonguss,Grafaiai,1,3,1,,,,,,,,,,,,,,,,,,,,,,,,,,,,,,,,,,,,,,,,
,,,,,Sylveon,Great Tusk,Umbreon,,1,3,,,,,Greninja,Roaring Moon,Scovillain,,1,1,,,,,Greninja,Volcanion,Decidueye-Hisui,,1,2,,,,,Sylveon,Vikavolt,Alomomola,,1,2,,,,,Roaring Moon,Registeel,Revavroom,,1,2,,,,,Grafaiai,Sinistcha,Iron Valiant,Vikavolt,1,5,1,,,,Greninja,Volcanion,Mienshao,Volcanion,1,3,1,,,,Registeel,Registeel,Jolteon,Registeel,1,2,1,,,,,,,,,,,,,,,,,,,,,,,,,,,,,,,,,,,,,,,,
,,,,,Registeel,Great Tusk,Blaziken,,1,5,,,,,Volcanion,Roaring Moon,Walking Wake,,1,5,,,,,Roaring Moon,Volcanion,Zarude,,1,3,,,,,Vikavolt,Volcanion,Heatran,,1,4,,,,,Volcanion,Registeel,Mandibuzz,,1,3,,,,,Volcanion,Vikavolt,Dragonite,Grafaiai,1,4,1,,,,Sinistcha,Vikavolt,Darkrai,Vikavolt,1,5,1,,,,Grafaiai,Registeel,Iron Boulder,,1,4,,,,,,,,,,,,,,,,,,,,,,,,,,,,,,,,,,,,,,,,,
,,,Win,3,Greninja,Roaring Moon,Latios,,1,5,,,Win,3,Great Tusk,,,,,,,,Win,5,Volcanion,Volcanion,Gholdengo,,1,4,,,Win,4,Volcanion,Volcanion,Annihilape,,1,5,,,Win,6,Vikavolt,Registeel,Florges,,1,2,,,Lose,-1,Sinistcha,,,Roaring Moon,,,1,,Lose,-1,Sylveon,,,Great Tusk,,,1,,Win,2,Sylveon,Vikavolt,Lokix,,1,3,,,,0,,,,,,,,,,0,,,,,,,,,,0,,,,,,,,,,0,,,,,,,
,,,,,,,,,,,,,,,,,,,,,,,,,,,,,,,,,,,,,,,,,,,,,,,,,,,,,,,,,,,,,,,,,,,,,,,,,,,,,,,,,,,,,,,,,,,,,,,,,,,,,,,,,,,,,,,,,,,,,,,,,
,,,Hong Kong Heatrans,,Brought,Kill,Killed,Died,K,T,D,,Hong Kong Heatrans,,Brought,Kill,Killed,Died,K,T,D,,Hong Kong Heatrans,,Brought,Kill,Killed,Died,K,T,D,,Hong Kong Heatrans,,Brought,Kill,Killed,Died,K,T,D,,Hong Kong Heatrans,,Brought,Kill,Killed,Died,K,T,D,,Hong Kong Heatrans,,Brought,Kill,Killed,Died,K,T,D,,Hong Kong Heatrans,,Brought,Kill,Killed,Died,K,T,D,,Hong Kong Heatrans,,Brought,Kill,Killed,Died,K,T,D,,Hong Kong Heatrans,,Brought,Kill,Killed,Died,K,T,D,,Hong Kong Heatrans,,Brought,Kill,Killed,Died,K,T,D,,Hong Kong Heatrans,,Brought,Kill,Killed,Died,K,T,D,,Hong Kong Heatrans,,Brought,Kill,Killed,Died,K,T,D
,,0,,,Terapagos,,,Terapagos,,,1,,,,Terapagos,Alcremie,Latias,Darkrai,1,4,1,,,,Quagsire,Terapagos,Florges,Quagsire,1,2,1,,,,Iron Hands,Darkrai,Ursaluna,,1,4,,,,,Alcremie,Tornadus-Therian,Tentacruel,Tornadus-Therian,1,2,1,,,,Heatran,Tornadus-Therian,Samurott-Hisui,Spiritomb,1,4,1,,,,Darkrai,Darkrai,Greninja,Weezing,1,5,1,,,,Quagsire,Tornadus-Therian,Entei,Terapagos,1,3,1,,,,,,,,,,,,,,,,,,,,,,,,,,,,,,,,,,,,,,,,
,,,,,Darkrai,,,Darkrai,,,1,,,,Tornadus-Therian,Alcremie,sneasler,Alcremie,1,5,1,,,,Orthworm,Terapagos,Skeledirge,Terapagos,1,4,1,,,,Terapagos,Alcremie,Skuntank,,1,1,,,,,Tornadus-Therian,Darkrai,Appletun,Terapagos,1,1,1,,,,Darkrai,Terapagos,Tauros-Paldea-Water,Darkrai,1,3,1,,,,Heatran,Terapagos,Sylveon,Tornadus-Therian,1,3,1,,,,Heatran,Darkrai,Magneton,Heatran,1,2,1,,,,,,,,,,,,,,,,,,,,,,,,,,,,,,,,,,,,,,,,
,,,,,Mew,,,Mew,,,1,,,,Iron Hands,Alcremie,Skarmory,,1,4,,,,,Toxapex,Orthworm,Revavroom,Orthworm,1,2,1,,,,Darkrai,Toxapex,Ninetales,,1,2,,,,,Darkrai,Darkrai,Wo-Chien,Darkrai,1,2,1,,,,Mienshao,Darkrai,Spectrier,Heatran,1,5,1,,,,Mienshao,Mienshao,Sinistcha,Terapagos,1,2,1,,,,Terapagos,Darkrai,Glaceon,Mew,1,1,1,,,,,,,,,,,,,,,,,,,,,,,,,,,,,,,,,,,,,,,,
,,,,,Toxapex,,,Toxapex,,,1,,,,Darkrai,Alcremie,Snorlax,,1,2,,,,,Iron Hands,Iron Hands,Landorus-Therian,Iron Hands,1,4,1,,,,Quagsire,Alcremie,Gouging Fire,,1,5,,,,,Terapagos,,,Mew,,,1,,,,Tornadus-Therian,Terapagos,Slowking-Galar,Terapagos,1,,1,,,,Tornadus-Therian,Darkrai,Volcanion,Mienshao,1,3,1,,,,Tornadus-Therian,,,Tornadus-Therian,,,1,,,,,,,,,,,,,,,,,,,,,,,,,,,,,,,,,,,,,,,,
,,,,,Iron Hands,,,Iron Hands,,,1,,,,Mew,Alcremie,Tsareena,,1,2,,,,,Mew,Toxapex,Deoxys-Speed,Toxapex,1,5,1,,,,Toxapex,Alcremie,Raging Bolt,,1,4,,,,,Mew,,,Quagsire,,,1,,,,Spiritomb,Mienshao,Goodra-Hisui,,1,4,,,,,Terapagos,Heatran,Vikavolt,Darkrai,1,2,1,,,,Darkrai,,,Darkrai,,,1,,,,,,,,,,,,,,,,,,,,,,,,,,,,,,,,,,,,,,,,
,,,Lose,-6,Thwackey,,,Thwackey,,,1,,Win,4,Alcremie,Terapagos,Iron Bundle,,1,5,,,Lose,-1,Terapagos,,,Mew,,,1,,Win,6,Alcremie,Alcremie,Sawsbuck,,1,1,,,Lose,-3,Quagsire,,,Alcremie,,,1,,Win,2,Terapagos,Mienshao,Whimsicott,,1,2,,,Win,1,Weezing,Heatran,Great Tusk,,1,5,,,Lose,-3,Mew,,,Quagsire,,,1,,,0,,,,,,,,,,0,,,,,,,,,,0,,,,,,,,,,0,,,,,,,
,,,,,,,,,,,,,,,,,,,,,,,,,,,,,,,,,,,,,,,,,,,,,,,,,,,,,,,,,,,,,,,,,,,,,,,,,,,,,,,,,,,,,,,,,,,,,,,,,,,,,,,,,,,,,,,,,,,,,,,,,
,,,Chicago Chimchars,,Brought,Kill,Killed,Died,K,T,D,,Chicago Chimchars,,Brought,Kill,Killed,Died,K,T,D,,Chicago Chimchars,,Brought,Kill,Killed,Died,K,T,D,,Chicago Chimchars,,Brought,Kill,Killed,Died,K,T,D,,Chicago Chimchars,,Brought,Kill,Killed,Died,K,T,D,,Chicago Chimchars,,Brought,Kill,Killed,Died,K,T,D,,Chicago Chimchars,,Brought,Kill,Killed,Died,K,T,D,,Chicago Chimchars,,Brought,Kill,Killed,Died,K,T,D,,Chicago Chimchars,,Brought,Kill,Killed,Died,K,T,D,,Chicago Chimchars,,Brought,Kill,Killed,Died,K,T,D,,Chicago Chimchars,,Brought,Kill,Killed,Died,K,T,D,,Chicago Chimchars,,Brought,Kill,Killed,Died,K,T,D
,,-15,,,Cinderace,Scyther,Clodsire,Empoleon,1,3,1,,,,Baxcalibur,Ting-Lu,Archaludon,Electrode,1,4,1,,,,Baxcalibur,Cinderace,Iron Crown,Ninetales-Alola,1,4,1,,,,Cinderace,Cinderace,Skarmory,Seviper,1,4,1,,,,Cinderace,,,Cinderace,,,1,,,,Cinderace,Scyther,Clefable,,1,4,,,,,Electrode,Quaquaval,Glimmora,Electrode,1,4,1,,,,Quaquaval,Quaquaval,Donphan,Ting-Lu,1,3,1,,,,,,,,,,,,,,,,,,,,,,,,,,,,,,,,,,,,,,,,
,,,,,Ting-Lu,Empoleon,Gholdengo,Ting-Lu,1,4,1,,,,Ninetales-Alola,,,Ninetales-Alola,,,1,,,,Ninetales-Alola,Ting-Lu,Grimmsnarl,Scyther,1,3,1,,,,Articuno-Galar,Cinderace,Primarina,Empoleon,1,4,1,,,,Articuno-Galar,,,Ting-Lu,,,1,,,,Quaquaval,Scyther,Umbreon,,1,3,,,,,Cinderace,Ninetales-Alola,Iron Hands,Quaquaval,1,4,1,,,,Empoleon,,,Empoleon,,,1,,,,,,,,,,,,,,,,,,,,,,,,,,,,,,,,,,,,,,,,
,,,,,Baxcalibur,Empoleon,Kyurem,,1,4,,,,,Empoleon,,,Cinderace,,,1,,,,Empoleon,Cinderace,Appletun,Ting-Lu,1,1,1,,,,Baxcalibur,Cinderace,Iron Bundle,Cinderace,1,5,1,,,,Baxcalibur,,,Zoroark-Hisui,,,1,,,,Baxcalibur,Scyther,Latios,,1,5,,,,,Quaquaval,Baxcalibur,Slowking,Cinderace,1,4,1,,,,Ting-Lu,,,Cinderace,,,1,,,,,,,,,,,,,,,,,,,,,,,,,,,,,,,,,,,,,,,,
,,,,,Ninetales-Alola,Empoleon,Ditto,,1,1,,,,,Ting-Lu,,,Baxcalibur,,,1,,,,Cinderace,,,Empoleon,,,1,,,,Ninetales-Alola,,,Articuno-Galar,,,1,,,,Ninetales-Alola,,,Articuno-Galar,,,1,,,,Ninetales-Alola,Scyther,Ogerpon-Wellspring,,1,5,,,,,Empoleon,Baxcalibur,Enamorus,Empoleon,1,5,1,,,,Baxcalibur,,,Quaquaval,,,1,,,,,,,,,,,,,,,,,,,,,,,,,,,,,,,,,,,,,,,,
,,,,,Empoleon,Empoleon,Ursaluna-Bloodmoon,,1,5,,,,,Electrode,,,Empoleon,,,1,,,,Ting-Lu,,,Baxcalibur,,,1,,,,Seviper,,,Ninetales-Alola,,,1,,,,Ting-Lu,,,Ninetales-Alola,,,1,,,,Ting-Lu,Scyther,Blaziken,,1,5,,,,,Ninetales-Alola,,,Ninetales-Alola,,,1,,,,Ninetales-Alola,,,Baxcalibur,,,1,,,,,,,,,,,,,,,,,,,,,,,,,,,,,,,,,,,,,,,,
,,,Win,4,Scyther,Cinderace,Kingambit,,1,5,,,Lose,-5,Cinderace,,,Ting-Lu,,,1,,Lose,-3,Scyther,,,Cinderace,,,1,,Lose,-3,Empoleon,,,Baxcalibur,,,1,,Lose,-6,Zoroark-Hisui,,,Baxcalibur,,,1,,Win,5,Scyther,Scyther,Bronzong,,1,2,,,Lose,-2,Baxcalibur,,,Baxcalibur,,,1,,Lose,-5,Cinderace,,,Ninetales-Alola,,,1,,,0,,,,,,,,,,0,,,,,,,,,,0,,,,,,,,,,0,,,,,,,
,,,,,,,,,,,,,,,,,,,,,,,,,,,,,,,,,,,,,,,,,,,,,,,,,,,,,,,,,,,,,,,,,,,,,,,,,,,,,,,,,,,,,,,,,,,,,,,,,,,,,,,,,,,,,,,,,,,,,,,,,
,,,Adelaide Arbolivas,,Brought,Kill,Killed,Died,K,T,D,,Adelaide Arbolivas,,Brought,Kill,Killed,Died,K,T,D,,Adelaide Arbolivas,,Brought,Kill,Killed,Died,K,T,D,,Adelaide Arbolivas,,Brought,Kill,Killed,Died,K,T,D,,Adelaide Arbolivas,,Brought,Kill,Killed,Died,K,T,D,,Adelaide Arbolivas,,Brought,Kill,Killed,Died,K,T,D,,Adelaide Arbolivas,,Brought,Kill,Killed,Died,K,T,D,,Adelaide Arbolivas,,Brought,Kill,Killed,Died,K,T,D,,Adelaide Arbolivas,,Brought,Kill,Killed,Died,K,T,D,,Adelaide Arbolivas,,Brought,Kill,Killed,Died,K,T,D,,Adelaide Arbolivas,,Brought,Kill,Killed,Died,K,T,D,,Adelaide Arbolivas,,Brought,Kill,Killed,Died,K,T,D
,,-10,,,Latios,Toedscruel,Greninja,Latios,1,5,1,,,,,,,,,,,,,,Blaziken,Blaziken,Quaquaval,Toedscruel,1,4,1,,,,Ogerpon-Wellspring,Ogerpon-Wellspring,Gligar,Ogerpon-Wellspring,1,1,1,,,,Ogerpon-Wellspring,Ogerpon-Wellspring,Weezing-Galar,Bronzong,1,2,1,,,,Ogerpon-Wellspring,,,Clefable,,,1,,,,,,,,,,,,,,,,,,,,,,,,,,,,,,,,,,,,,,,,,,,,,,,,,,,,,,,,,,,,
,,,,,Umbreon,Latios,Volcanion,Umbreon,1,3,1,,,,,,,,,,,,,,Latios,Ogerpon-Wellspring,Glimmora,,1,4,,,,,Kilowattrel,Blaziken,Milotic,Blaziken,1,3,1,,,,Latios,Ogerpon-Wellspring,Pelipper,Kilowattrel,1,3,1,,,,Blaziken,,,Umbreon,,,1,,,,,,,,,,,,,,,,,,,,,,,,,,,,,,,,,,,,,,,,,,,,,,,,,,,,,,,,,,,,
,,,,,Ogerpon-Wellspring,Latios,Great Tusk,Ogerpon-Wellspring,1,5,1,,,,,,,,,,,,,,Bronzong,Ogerpon-Wellspring,Hydrapple,,1,4,,,,,Bronzong,Blaziken,Cryogonal,Latios,1,1,1,,,,Bronzong,Clefable,Barraskewda,Latios,1,3,1,,,,Clefable,,,Latios,,,1,,,,,,,,,,,,,,,,,,,,,,,,,,,,,,,,,,,,,,,,,,,,,,,,,,,,,,,,,,,,
,,,,,Toedscruel,,,Toedscruel,,,1,,,,,,,,,,,,,,Toedscruel,Ogerpon-Wellspring,Slowking,,1,4,,,,,Blaziken,Kilowattrel,Iron Valiant,Clefable,1,5,1,,,,Kilowattrel,,,Ogerpon-Wellspring,,,1,,,,Latios,,,Ogerpon-Wellspring,,,1,,,,,,,,,,,,,,,,,,,,,,,,,,,,,,,,,,,,,,,,,,,,,,,,,,,,,,,,,,,,
,,,,,Blaziken,,,Blaziken,,,1,,,,,,,,,,,,,,Ogerpon-Wellspring,Clefable,Iron Treads,,1,4,,,,,Latios,Latios,Dragonite,,1,4,,,,,Clefable,,,Clefable,,,1,,,,Bronzong,,,Blaziken,,,1,,,,,,,,,,,,,,,,,,,,,,,,,,,,,,,,,,,,,,,,,,,,,,,,,,,,,,,,,,,,
,,,Lose,-3,Clefable,,,Clefable,,,1,,Win,3,,,,,,,,,Win,5,Clefable,Ogerpon-Wellspring,Mismagius,,1,2,,,Win,2,Clefable,Kilowattrel,Typhlosion-Hisui,,1,2,,,Lose,-3,Toedscruel,,,Toedscruel,,,1,,Lose,-5,Umbreon,,,Bronzong,,,1,,Lose,-4,,,,,,,,,Lose,-5,,,,,,,,,,0,,,,,,,,,,0,,,,,,,,,,0,,,,,,,,,,0,,,,,,,
,,,,,,,,,,,,,,,,,,,,,,,,,,,,,,,,,,,,,,,,,,,,,,,,,,,,,,,,,,,,,,,,,,,,,,,,,,,,,,,,,,,,,,,,,,,,,,,,,,,,,,,,,,,,,,,,,,,,,,,,,
,,,Syracuse Snorlax,,Brought,Kill,Killed,Died,K,T,D,,Syracuse Snorlax,,Brought,Kill,Killed,Died,K,T,D,,Syracuse Snorlax,,Brought,Kill,Killed,Died,K,T,D,,Syracuse Snorlax,,Brought,Kill,Killed,Died,K,T,D,,Syracuse Snorlax,,Brought,Kill,Killed,Died,K,T,D,,Syracuse Snorlax,,Brought,Kill,Killed,Died,K,T,D,,Syracuse Snorlax,,Brought,Kill,Killed,Died,K,T,D,,Syracuse Snorlax,,Brought,Kill,Killed,Died,K,T,D,,Syracuse Snorlax,,Brought,Kill,Killed,Died,K,T,D,,Syracuse Snorlax,,Brought,Kill,Killed,Died,K,T,D,,Syracuse Snorlax,,Brought,Kill,Killed,Died,K,T,D,,Syracuse Snorlax,,Brought,Kill,Killed,Died,K,T,D
,,-3,,,spectrier,Rotom-Frost,Avalugg-Hisui,Rotom-Frost,1,1,1,,,,Whimsicott,Goodra-Hisui,Ogerpon-Cornerstone,Goodra-Hisui,1,4,1,,,,Rotom-Frost,Samurott-Hisui,Alomomola,Rotom-Frost,1,2,1,,,,Spectrier,Tauros-Paldea-Water,Pelipper,Goodra-Hisui,1,3,1,,,,Slowking-Galar,Whimsicott,Skuntank,Slowking-Galar,1,1,1,,,,Slowking-Galar,Spectrier,Spiritomb,Samurott-Hisui,1,1,1,,,,,,,,,,,,,,Spectrier,Donphan,Ting-Lu,Donphan,1,4,1,,,,,,,,,,,,,,,,,,,,,,,,,,,,,,,,,,,,,,,,
,,,,,Rotom-Frost,Goodra-Hisui,Florges,Samurott-Hisui,1,2,1,,,,Samurott-Hisui,Samurott-Hisui,Iron Valiant,Donphan,1,5,1,,,,Spectrier,Whimsicott,Garchomp,Tauros-Paldea-Water,1,5,1,,,,Tauros-Paldea-Water,Tauros-Paldea-Water,Archaludon,Rotom-Frost,1,4,1,,,,Spectrier,Tauros-Paldea-Water,Raging Bolt,Donphan,1,4,1,,,,Goodra-Hisui,Whimsicott,Darkrai,Tauros-Paldea-Water,1,5,1,,,,,,,,,,,,,,Donphan,Donphan,Empoleon,,1,4,,,,,,,,,,,,,,,,,,,,,,,,,,,,,,,,,,,,,,,,,
,,,,,Slowking-Galar,Slowking-Galar,Mandibuzz,Spectrier,1,3,1,,,,Spectrier,Slowking-Galar,Overqwil,Samurott-Hisui,1,3,1,,,,Whimsicott,,,Slowking-Galar,,,1,,,,Slowking-Galar,Spectrier,Amoonguss,Tauros-Paldea-Water,1,3,1,,,,Donphan,Samurott-Hisui,Ursaluna,Whimsicott,1,4,1,,,,Samurott-Hisui,Goodra-Hisui,Heatran,Spectrier,1,4,1,,,,,,,,,,,,,,Rotom-Frost,Slowking-Galar,Cinderace,,1,5,,,,,,,,,,,,,,,,,,,,,,,,,,,,,,,,,,,,,,,,,
,,,,,Samurott-Hisui,,,Donphan,,,1,,,,Slowking-Galar,Whimsicott,Milotic,Slowking-Galar,1,3,1,,,,Tauros-Paldea-Water,,,Whimsicott,,,1,,,,Donphan,Slowking-Galar,Zapdos,,1,4,,,,,Whimsicott,,,Tauros-Paldea-Water,,,1,,,,Whimsicott,Goodra-Hisui,Terapagos,Slowking-Galar,1,4,1,,,,,,,,,,,,,,Goodra-Hisui,Slowking-Galar,Quaquaval,,1,4,,,,,,,,,,,,,,,,,,,,,,,,,,,,,,,,,,,,,,,,,
,,,,,Donphan,,,Slowking-Galar,,,1,,,,Donphan,,,Spectrier,,,1,,,,Samurott-Hisui,,,Samurott-Hisui,,,1,,,,Goodra-Hisui,Spectrier,Barraskewda,,1,3,,,,,Samurott-Hisui,,,Samurott-Hisui,,,1,,,,Tauros-Paldea-Water,,,Goodra-Hisui,,,1,,,,,,,,,,,,,,Slowking-Galar,Goodra-Hisui,Baxcalibur,,1,5,,,,,,,,,,,,,,,,,,,,,,,,,,,,,,,,,,,,,,,,,
,,,Lose,-3,Goodra-Hisui,,,Goodra-Hisui,,,1,,Lose,-2,Goodra-Hisui,,,Whimsicott,,,1,,Lose,-4,Slowking-Galar,,,Spectrier,,,1,,Win,3,Rotom-Frost,Donphan,Lokix,,1,3,,,Lose,-3,Tauros-Paldea-Water,,,Spectrier,,,1,,Lose,-2,Spectrier,,,Whimsicott,,,1,,Win,3,,,,,,,,,Win,5,Samurott-Hisui,Slowking-Galar,Ninetales-Alola,,1,4,,,,0,,,,,,,,,,0,,,,,,,,,,0,,,,,,,,,,0,,,,,,,
,,,,,,,,,,,,,,,,,,,,,,,,,,,,,,,,,,,,,,,,,,,,,,,,,,,,,,,,,,,,,,,,,,,,,,,,,,,,,,,,,,,,,,,,,,,,,,,,,,,,,,,,,,,,,,,,,,,,,,,,,
,,,Orlando Magikarps,,Brought,Kill,Killed,Died,K,T,D,,Orlando Magikarps,,Brought,Kill,Killed,Died,K,T,D,,Orlando Magikarps,,Brought,Kill,Killed,Died,K,T,D,,Orlando Magikarps,,Brought,Kill,Killed,Died,K,T,D,,Orlando Magikarps,,Brought,Kill,Killed,Died,K,T,D,,Orlando Magikarps,,Brought,Kill,Killed,Died,K,T,D,,Orlando Magikarps,,Brought,Kill,Killed,Died,K,T,D,,Orlando Magikarps,,Brought,Kill,Killed,Died,K,T,D,,Orlando Magikarps,,Brought,Kill,Killed,Died,K,T,D,,Orlando Magikarps,,Brought,Kill,Killed,Died,K,T,D,,Orlando Magikarps,,Brought,Kill,Killed,Died,K,T,D,,Orlando Magikarps,,Brought,Kill,Killed,Died,K,T,D
,,8,,,Jolteon,Jolteon,Gliscor,Archaludon,1,4,1,,,,Lokix,Lokix,Electrode,Archaludon,1,1,1,,,,Lokix,Amoonguss,Latias,Pelipper,1,4,1,,,,Lokix,Barraskewda,Goodra-Hisui,Pelipper,1,4,1,,,,Zapdos,Barraskewda,Bronzong,Weezing-Galar,1,2,1,,,,Pelipper,Archaludon,Iron Treads,Archaludon,1,4,1,,,,Lokix,Weezing-Galar,Meowscarada,Archaludon,1,5,1,,,,Weezing-Galar,Jolteon,Volcanion,Archaludon,1,3,1,,,,,,,,,,,,,,,,,,,,,,,,,,,,,,,,,,,,,,,,
,,,,,Lokix,Lokix,Iron Crown,Lokix,1,4,1,,,,Iron Boulder,Archaludon,Ninetales-Alola,,1,4,,,,,Amoonguss,Archaludon,Primarina,Zapdos,1,4,1,,,,Amoonguss,Barraskewda,Rotom-Frost,Archaludon,1,2,1,,,,Pelipper,Jolteon,Kilowattrel,Pelipper,1,2,1,,,,Barraskewda,Archaludon,Glimmora,Hitmontop,1,4,1,,,,Archaludon,Barraskewda,Landorus-Therian,Pelipper,1,4,1,,,,Jolteon,Amoonguss,Sylveon,Weezing-Galar,1,3,1,,,,,,,,,,,,,,,,,,,,,,,,,,,,,,,,,,,,,,,,
,,,,,Iron Boulder,Amoonguss,Grimmsnarl,Iron Boulder,1,3,1,,,,Amoonguss,Archaludon,Cinderace,,1,5,,,,,Archaludon,Zapdos,Snorlax,Archaludon,1,2,1,,,,Archaludon,Barraskewda,Tauros-Paldea-Water,Amoonguss,1,3,1,,,,Barraskewda,Jolteon,Latios,Barraskewda,1,5,1,,,,Jolteon,Iron Boulder,Enamorus,Barraskewda,1,5,1,,,,Zapdos,Barraskewda,Golem-Alola,Weezing-Galar,1,1,1,,,,Archaludon,Lokix,Grafaiai,Amoonguss,1,2,1,,,,,,,,,,,,,,,,,,,,,,,,,,,,,,,,,,,,,,,,
,,,,,Amoonguss,Jolteon,Pecharunt,Jolteon,1,4,1,,,,Archaludon,Archaludon,Baxcalibur,,1,5,,,,,Pelipper,Jolteon,Sneasler,Amoonguss,1,5,1,,,,Zapdos,,,Zapdos,,,1,,,,Weezing-Galar,Barraskewda,Ogerpon-Wellspring,,1,5,,,,,Iron Boulder,Jolteon,Slowking,Pelipper,1,4,1,,,,Pelipper,Lokix,Florges,Zapdos,1,2,1,,,,Lokix,Lokix,Registeel,Jolteon,1,2,1,,,,,,,,,,,,,,,,,,,,,,,,,,,,,,,,,,,,,,,,
,,,,,Archaludon,Jolteon,Dragapult,,1,5,,,,,Pelipper,Barraskewda,Empoleon,,1,4,,,,,Zapdos,Jolteon,Skarmory,,1,4,,,,,Pelipper,,,Barraskewda,,,1,,,,Jolteon,Jolteon,Clefable,,1,4,,,,,Hitmontop,Jolteon,Hydrapple,Iron Boulder,1,4,1,,,,Barraskewda,Lokix,Mandibuzz,,1,3,,,,,Amoonguss,,,Iron Boulder,,,1,,,,,,,,,,,,,,,,,,,,,,,,,,,,,,,,,,,,,,,,
,,,Win,2,Zapdos,Amoonguss,Appletun,,1,1,,,Win,5,Barraskewda,Barraskewda,Ting-Lu,,1,4,,,Win,2,Jolteon,Lokix,Iron Bundle,,1,5,,,Lose,-3,Barraskewda,,,Lokix,,,1,,Win,3,Iron Boulder,Jolteon,Toedscruel,,1,2,,,Lose,-1,Archaludon,,,Jolteon,,,1,,Win,2,Weezing-Galar,Lokix,Deoxys-Speed,,1,5,,,Lose,-2,Iron Boulder,,,Lokix,,,1,,,0,,,,,,,,,,0,,,,,,,,,,0,,,,,,,,,,0,,,,,,,
,,,,,,,,,,,,,,,,,,,,,,,,,,,,,,,,,,,,,,,,,,,,,,,,,,,,,,,,,,,,,,,,,,,,,,,,,,,,,,,,,,,,,,,,,,,,,,,,,,,,,,,,,,,,,,,,,,,,,,,,,
,,,Manila Manectrics,,Brought,Kill,Killed,Died,K,T,D,,Manila Manectrics,,Brought,Kill,Killed,Died,K,T,D,,Manila Manectrics,,Brought,Kill,Killed,Died,K,T,D,,Manila Manectrics,,Brought,Kill,Killed,Died,K,T,D,,Manila Manectrics,,Brought,Kill,Killed,Died,K,T,D,,Manila Manectrics,,Brought,Kill,Killed,Died,K,T,D,,Manila Manectrics,,Brought,Kill,Killed,Died,K,T,D,,Manila Manectrics,,Brought,Kill,Killed,Died,K,T,D,,Manila Manectrics,,Brought,Kill,Killed,Died,K,T,D,,Manila Manectrics,,Brought,Kill,Killed,Died,K,T,D,,Manila Manectrics,,Brought,Kill,Killed,Died,K,T,D,,Manila Manectrics,,Brought,Kill,Killed,Died,K,T,D
,,-2,,,Florges,Deoxys-Speed,Rotom-Frost,Avalugg-Hisui,1,2,1,,,,,,,,,,,,,,Meowscarada,Deoxys-Speed,Quagsire,Florges,1,2,1,,,,Meowscarada,Revavroom,Gholdengo,Revavroom,1,4,1,,,,Revavroom,,,Deoxys-Speed,,,1,,,,Florges,Mandibuzz,Ursaluna,Mandibuzz,1,4,1,,,,Deoxys-Speed,Landorus-Therian,Archaludon,Meowscarada,1,4,1,,,,Landorus-Therian,Deoxys-Speed,Metagross,Keldeo,1,4,1,,,,,,,,,,,,,,,,,,,,,,,,,,,,,,,,,,,,,,,,
,,,,,Mandibuzz,Meowscarada,Samurott-Hisui,Florges,1,4,1,,,,,,,,,,,,,,Deoxys-Speed,Landorus-Therian,Terapagos,Skeledirge,1,4,1,,,,Keldeo,Meowscarada,Ditto,,1,1,,,,,Meowscarada,,,Meowscarada,,,1,,,,Skeledirge,Landorus-Therian,Diancie,Dragalge,1,2,1,,,,Landorus-Therian,Florges,Pelipper,Landorus-Therian,1,3,1,,,,Keldeo,Deoxys-Speed,Fezandipiti,Landorus-Therian,1,3,1,,,,,,,,,,,,,,,,,,,,,,,,,,,,,,,,,,,,,,,,
,,,,,Deoxys-Speed,Florges,Spectrier,Mandibuzz,1,5,1,,,,,,,,,,,,,,Landorus-Therian,Deoxys-Speed,Orthworm,Revavroom,1,2,1,,,,Mandibuzz,Meowscarada,Starly,,1,1,,,,,Mandibuzz,,,Keldeo,,,1,,,,Dragalge,Landorus-Therian,Skuntank,,1,1,,,,,Golem-Alola,Golem-Alola,Weezing-Galar,Golem-Alola,1,2,1,,,,Meowscarada,Deoxys-Speed,Cyclizar,Meowscarada,1,2,1,,,,,,,,,,,,,,,,,,,,,,,,,,,,,,,,,,,,,,,,
,,,,,Meowscarada,Deoxys-Speed,Goodra-Hisui,,1,4,,,,,,,,,,,,,,,Skeledirge,Deoxys-Speed,Iron Hands,Landorus-Therian,1,4,1,,,,Florges,Deoxys-Speed,Clodsire,,1,3,,,,,Florges,,,Revavroom,,,1,,,,Landorus-Therian,Dragalge,Walking Wake,,1,5,,,,,Meowscarada,Florges,Zapdos,Florges,1,4,1,,,,Deoxys-Speed,,,Florges,,,1,,,,,,,,,,,,,,,,,,,,,,,,,,,,,,,,,,,,,,,,
,,,,,Landorus-Therian,Landorus-Therian,Donphan,,1,3,,,,,,,,,,,,,,,Florges,Meowscarada,Toxapex,Deoxys-Speed,1,4,1,,,,Revavroom,Meowscarada,Ludicolo,,1,2,,,,,Deoxys-Speed,,,Mandibuzz,,,1,,,,Keldeo,Skeledirge,Scizor,,1,4,,,,,Florges,,,Mandibuzz,,,1,,,,Florges,,,Deoxys-Speed,,,1,,,,,,,,,,,,,,,,,,,,,,,,,,,,,,,,,,,,,,,,
,,,Win,3,Avalugg-Hisui,Landorus-Therian,Slowking-Galar,,1,,,,Lose,-4,,,,,,,,,Win,1,Revavroom,Meowscarada,Mew,,1,3,,,Win,5,Deoxys-Speed,Florges,Azumarill,,1,3,,,Lose,-6,Keldeo,,,Keldeo,,,1,,Win,4,Mandibuzz,Skeledirge,Skeledirge,,1,4,,,Lose,-2,Mandibuzz,,,Deoxys-Speed,,,1,,Lose,-3,Mandibuzz,,,Mandibuzz,,,1,,,0,,,,,,,,,,0,,,,,,,,,,0,,,,,,,,,,0,,,,,,,
,,,,,,,,,,,,,,,,,,,,,,,,,,,,,,,,,,,,,,,,,,,,,,,,,,,,,,,,,,,,,,,,,,,,,,,,,,,,,,,,,,,,,,,,,,,,,,,,,,,,,,,,,,,,,,,,,,,,,,,,,
,,,Worcester Woopers,,Brought,Kill,Killed,Died,K,T,D,,Worcester Woopers,,Brought,Kill,Killed,Died,K,T,D,,Worcester Woopers,,Brought,Kill,Killed,Died,K,T,D,,Worcester Woopers,,Brought,Kill,Killed,Died,K,T,D,,Worcester Woopers,,Brought,Kill,Killed,Died,K,T,D,,Worcester Woopers,,Brought,Kill,Killed,Died,K,T,D,,Worcester Woopers,,Brought,Kill,Killed,Died,K,T,D,,Worcester Woopers,,Brought,Kill,Killed,Died,K,T,D,,Worcester Woopers,,Brought,Kill,Killed,Died,K,T,D,,Worcester Woopers,,Brought,Kill,Killed,Died,K,T,D,,Worcester Woopers,,Brought,Kill,Killed,Died,K,T,D,,Worcester Woopers,,Brought,Kill,Killed,Died,K,T,D
,,16,,,Mismagius,Iron Treads,Mew,,1,3,,,,,Slowking,Cetitan,Garchomp,Enamorus,1,5,1,,,,Slowking,Mismagius,Toedscruel,Quaquaval,1,2,1,,,,Slowking,Enamorus,Wo-Chien,,1,2,,,,,Quaquaval,Enamorus,Kyurem,,1,4,,,,,Iron Treads,Enamorus,Archaludon,Iron Treads,1,4,1,,,,Glimmora,Iron Hands,Electrode,Glimmora,1,1,1,,,,Toucannon,Toucannon,Krookodile,Toucannon,1,4,1,,,,,,,,,,,,,,,,,,,,,,,,,,,,,,,,,,,,,,,,
,,,,,Hydrapple,Hydrapple,Iron Hands,,1,4,,,,,Cetitan,Cetitan,Rotom-Wash,,1,4,,,,,Mismagius,,,Glimmora,,,1,,,,Cetitan,Incineroar,Tentacruel,,1,2,,,,,Incineroar,Enamorus,Azumarill,,1,3,,,,,Glimmora,Slowking,Hitmontop,Glimmora,1,2,1,,,,Enamorus,Iron Hands,Quaquaval,Iron Hands,1,4,1,,,,Incineroar,,,Slowking,,,1,,,,,,,,,,,,,,,,,,,,,,,,,,,,,,,,,,,,,,,,
,,,,,Glimmora,Iron Treads,Toxapex,,1,4,,,,,Enamorus,Cetitan,Naclstack,,1,1,,,,,Glimmora,,,Hydrapple,,,1,,,,Enamorus,Enamorus,Appletun,,1,1,,,,,Slowking,Incineroar,Clodsire,,1,3,,,,,Slowking,Slowking,Barraskewda,Enamorus,1,3,1,,,,Slowking,Iron Hands,Cinderace,Slowking,1,5,1,,,,Glimmora,,,Glimmora,,,1,,,,,,,,,,,,,,,,,,,,,,,,,,,,,,,,,,,,,,,,
,,,,,Incineroar,Incineroar,Terapagos,,1,4,,,,,Glimmora,Cetitan,Mienshao,,1,3,,,,,Quaquaval,,,Slowking,,,1,,,,Iron Treads,Mismagius,Pecharunt,,1,4,,,,,Iron Treads,Glimmora,Starly,,1,1,,,,,Cetitan,Enamorus,Pelipper,Slowking,1,3,1,,,,Iron Treads,Iron Treads,Empoleon,Enamorus,1,4,1,,,,Slowking,,,Iron Hands,,,1,,,,,,,,,,,,,,,,,,,,,,,,,,,,,,,,,,,,,,,,
,,,,,Iron Treads,Iron Treads,Thwackey,,1,1,,,,,Iron Treads,Cetitan,Fezandipiti,,1,3,,,,,Iron Treads,,,Iron Treads,,,1,,,,Incineroar,Mismagius,Dragapult,,1,5,,,,,Enamorus,Iron Treads,Ursaluna-Bloodmoon,,1,5,,,,,Hydrapple,Hydrapple,Iron Boulder,Hydrapple,1,4,1,,,,Iron Hands,Iron Treads,Ninetales-Alola,,1,4,,,,,Iron Hands,,,Incineroar,,,1,,,,,,,,,,,,,,,,,,,,,,,,,,,,,,,,,,,,,,,,
,,,Win,6,Enamorus,Enamorus,Darkrai,,1,5,,,Win,5,Hydrapple,Cetitan,Cyclizar,,1,2,,,Lose,-5,Hydrapple,,,Mismagius,,,1,,Win,6,Mismagius,Mismagius,Thundurus-Therian,,1,4,,,Win,6,Glimmora,Iron Treads,Gholdengo,,1,4,,,Win,1,Enamorus,Cetitan,Jolteon,,1,2,,,Win,2,Hydrapple,Iron Treads,Baxcalibur,,1,5,,,Lose,-5,Enamorus,,,Enamorus,,,1,,,0,,,,,,,,,,0,,,,,,,,,,0,,,,,,,,,,0,,,,,,,
,,,,,,,,,,,,,,,,,,,,,,,,,,,,,,,,,,,,,,,,,,,,,,,,,,,,,,,,,,,,,,,,,,,,,,,,,,,,,,,,,,,,,,,,,,,,,,,,,,,,,,,,,,,,,,,,,,,,,,,,,
,,,,,Brought,Kill,Killed,Died,K,T,D,,,,Brought,Kill,Killed,Died,K,T,D,,,,Brought,Kill,Killed,Died,K,T,D,,,,Brought,Kill,Killed,Died,K,T,D,,,,Brought,Kill,Killed,Died,K,T,D,,,,Brought,Kill,Killed,Died,K,T,D,,,,Brought,Kill,Killed,Died,K,T,D,,,,Brought,Kill,Killed,Died,K,T,D,,,,Brought,Kill,Killed,Died,K,T,D,,,,Brought,Kill,Killed,Died,K,T,D,,,,Brought,Kill,Killed,Died,K,T,D,,,,Brought,Kill,Killed,Died,K,T,D
,,0,,,,,,,,,,,,,,,,,,,,,,,,,,,,,,,,,,,,,,,,,,,,,,,,,,,,,,,,,,,,,,,,,,,,,,,,,,,,,,,,,,,,,,,,,,,,,,,,,,,,,,,,,,,,,,,,,,,,,,,
,,,,,,,,,,,,,,,,,,,,,,,,,,,,,,,,,,,,,,,,,,,,,,,,,,,,,,,,,,,,,,,,,,,,,,,,,,,,,,,,,,,,,,,,,,,,,,,,,,,,,,,,,,,,,,,,,,,,,,,,,
,,,,,,,,,,,,,,,,,,,,,,,,,,,,,,,,,,,,,,,,,,,,,,,,,,,,,,,,,,,,,,,,,,,,,,,,,,,,,,,,,,,,,,,,,,,,,,,,,,,,,,,,,,,,,,,,,,,,,,,,,
,,,,,,,,,,,,,,,,,,,,,,,,,,,,,,,,,,,,,,,,,,,,,,,,,,,,,,,,,,,,,,,,,,,,,,,,,,,,,,,,,,,,,,,,,,,,,,,,,,,,,,,,,,,,,,,,,,,,,,,,,
,,,,,,,,,,,,,,,,,,,,,,,,,,,,,,,,,,,,,,,,,,,,,,,,,,,,,,,,,,,,,,,,,,,,,,,,,,,,,,,,,,,,,,,,,,,,,,,,,,,,,,,,,,,,,,,,,,,,,,,,,
,,,,0,,,,,,,,,,0,,,,,,,,,,0,,,,,,,,,,0,,,,,,,,,,0,,,,,,,,,,0,,,,,,,,,,0,,,,,,,,,,0,,,,,,,,,,0,,,,,,,,,,0,,,,,,,,,,0,,,,,,,,,,0,,,,,,,
,,,,,,,,,,,,,,,,,,,,,,,,,,,,,,,,,,,,,,,,,,,,,,,,,,,,,,,,,,,,,,,,,,,,,,,,,,,,,,,,,,,,,,,,,,,,,,,,,,,,,,,,,,,,,,,,,,,,,,,,,
,,,,,Brought,Kill,Killed,Died,K,T,D,,,,Brought,Kill,Killed,Died,K,T,D,,,,Brought,Kill,Killed,Died,K,T,D,,,,Brought,Kill,Killed,Died,K,T,D,,,,Brought,Kill,Killed,Died,K,T,D,,,,Brought,Kill,Killed,Died,K,T,D,,,,Brought,Kill,Killed,Died,K,T,D,,,,Brought,Kill,Killed,Died,K,T,D,,,,Brought,Kill,Killed,Died,K,T,D,,,,Brought,Kill,Killed,Died,K,T,D,,,,Brought,Kill,Killed,Died,K,T,D,,,,Brought,Kill,Killed,Died,K,T,D
,,0,,,,,,,,,,,,,,,,,,,,,,,,,,,,,,,,,,,,,,,,,,,,,,,,,,,,,,,,,,,,,,,,,,,,,,,,,,,,,,,,,,,,,,,,,,,,,,,,,,,,,,,,,,,,,,,,,,,,,,,
,,,,,,,,,,,,,,,,,,,,,,,,,,,,,,,,,,,,,,,,,,,,,,,,,,,,,,,,,,,,,,,,,,,,,,,,,,,,,,,,,,,,,,,,,,,,,,,,,,,,,,,,,,,,,,,,,,,,,,,,,
,,,,,,,,,,,,,,,,,,,,,,,,,,,,,,,,,,,,,,,,,,,,,,,,,,,,,,,,,,,,,,,,,,,,,,,,,,,,,,,,,,,,,,,,,,,,,,,,,,,,,,,,,,,,,,,,,,,,,,,,,
,,,,,,,,,,,,,,,,,,,,,,,,,,,,,,,,,,,,,,,,,,,,,,,,,,,,,,,,,,,,,,,,,,,,,,,,,,,,,,,,,,,,,,,,,,,,,,,,,,,,,,,,,,,,,,,,,,,,,,,,,
,,,,,,,,,,,,,,,,,,,,,,,,,,,,,,,,,,,,,,,,,,,,,,,,,,,,,,,,,,,,,,,,,,,,,,,,,,,,,,,,,,,,,,,,,,,,,,,,,,,,,,,,,,,,,,,,,,,,,,,,,
,,,,0,,,,,,,,,,0,,,,,,,,,,0,,,,,,,,,,0,,,,,,,,,,0,,,,,,,,,,0,,,,,,,,,,0,,,,,,,,,,0,,,,,,,,,,0,,,,,,,,,,0,,,,,,,,,,0,,,,,,,,,,0,,,,,,,
,,,,,,,,,,,,,,,,,,,,,,,,,,,,,,,,,,,,,,,,,,,,,,,,,,,,,,,,,,,,,,,,,,,,,,,,,,,,,,,,,,,,,,,,,,,,,,,,,,,,,,,,,,,,,,,,,,,,,,,,,
,,,,,Brought,Kill,Killed,Died,K,T,D,,,,Brought,Kill,Killed,Died,K,T,D,,,,Brought,Kill,Killed,Died,K,T,D,,,,Brought,Kill,Killed,Died,K,T,D,,,,Brought,Kill,Killed,Died,K,T,D,,,,Brought,Kill,Killed,Died,K,T,D,,,,Brought,Kill,Killed,Died,K,T,D,,,,Brought,Kill,Killed,Died,K,T,D,,,,Brought,Kill,Killed,Died,K,T,D,,,,Brought,Kill,Killed,Died,K,T,D,,,,Brought,Kill,Killed,Died,K,T,D,,,,Brought,Kill,Killed,Died,K,T,D
,,0,,,,,,,,,,,,,,,,,,,,,,,,,,,,,,,,,,,,,,,,,,,,,,,,,,,,,,,,,,,,,,,,,,,,,,,,,,,,,,,,,,,,,,,,,,,,,,,,,,,,,,,,,,,,,,,,,,,,,,,
,,,,,,,,,,,,,,,,,,,,,,,,,,,,,,,,,,,,,,,,,,,,,,,,,,,,,,,,,,,,,,,,,,,,,,,,,,,,,,,,,,,,,,,,,,,,,,,,,,,,,,,,,,,,,,,,,,,,,,,,,
,,,,,,,,,,,,,,,,,,,,,,,,,,,,,,,,,,,,,,,,,,,,,,,,,,,,,,,,,,,,,,,,,,,,,,,,,,,,,,,,,,,,,,,,,,,,,,,,,,,,,,,,,,,,,,,,,,,,,,,,,
,,,,,,,,,,,,,,,,,,,,,,,,,,,,,,,,,,,,,,,,,,,,,,,,,,,,,,,,,,,,,,,,,,,,,,,,,,,,,,,,,,,,,,,,,,,,,,,,,,,,,,,,,,,,,,,,,,,,,,,,,
,,,,,,,,,,,,,,,,,,,,,,,,,,,,,,,,,,,,,,,,,,,,,,,,,,,,,,,,,,,,,,,,,,,,,,,,,,,,,,,,,,,,,,,,,,,,,,,,,,,,,,,,,,,,,,,,,,,,,,,,,
,,,,0,,,,,,,,,,0,,,,,,,,,,0,,,,,,,,,,0,,,,,,,,,,0,,,,,,,,,,0,,,,,,,,,,0,,,,,,,,,,0,,,,,,,,,,0,,,,,,,,,,0,,,,,,,,,,0,,,,,,,,,,0,,,,,,,
,,,,,,,,,,,,,,,,,,,,,,,,,,,,,,,,,,,,,,,,,,,,,,,,,,,,,,,,,,,,,,,,,,,,,,,,,,,,,,,,,,,,,,,,,,,,,,,,,,,,,,,,,,,,,,,,,,,,,,,,,
,,,,,Brought,Kill,Killed,Died,K,T,D,,,,Brought,Kill,Killed,Died,K,T,D,,,,Brought,Kill,Killed,Died,K,T,D,,,,Brought,Kill,Killed,Died,K,T,D,,,,Brought,Kill,Killed,Died,K,T,D,,,,Brought,Kill,Killed,Died,K,T,D,,,,Brought,Kill,Killed,Died,K,T,D,,,,Brought,Kill,Killed,Died,K,T,D,,,,Brought,Kill,Killed,Died,K,T,D,,,,Brought,Kill,Killed,Died,K,T,D,,,,Brought,Kill,Killed,Died,K,T,D,,,,Brought,Kill,Killed,Died,K,T,D
,,0,,,,,,,,,,,,,,,,,,,,,,,,,,,,,,,,,,,,,,,,,,,,,,,,,,,,,,,,,,,,,,,,,,,,,,,,,,,,,,,,,,,,,,,,,,,,,,,,,,,,,,,,,,,,,,,,,,,,,,,
,,,,,,,,,,,,,,,,,,,,,,,,,,,,,,,,,,,,,,,,,,,,,,,,,,,,,,,,,,,,,,,,,,,,,,,,,,,,,,,,,,,,,,,,,,,,,,,,,,,,,,,,,,,,,,,,,,,,,,,,,
,,,,,,,,,,,,,,,,,,,,,,,,,,,,,,,,,,,,,,,,,,,,,,,,,,,,,,,,,,,,,,,,,,,,,,,,,,,,,,,,,,,,,,,,,,,,,,,,,,,,,,,,,,,,,,,,,,,,,,,,,
,,,,,,,,,,,,,,,,,,,,,,,,,,,,,,,,,,,,,,,,,,,,,,,,,,,,,,,,,,,,,,,,,,,,,,,,,,,,,,,,,,,,,,,,,,,,,,,,,,,,,,,,,,,,,,,,,,,,,,,,,
,,,,,,,,,,,,,,,,,,,,,,,,,,,,,,,,,,,,,,,,,,,,,,,,,,,,,,,,,,,,,,,,,,,,,,,,,,,,,,,,,,,,,,,,,,,,,,,,,,,,,,,,,,,,,,,,,,,,,,,,,
,,,,0,,,,,,,,,,0,,,,,,,,,,0,,,,,,,,,,0,,,,,,,,,,0,,,,,,,,,,0,,,,,,,,,,0,,,,,,,,,,0,,,,,,,,,,0,,,,,,,,,,0,,,,,,,,,,0,,,,,,,,,,0,,,,,,,
,,,,,,,,,,,,,,,,,,,,,,,,,,,,,,,,,,,,,,,,,,,,,,,,,,,,,,,,,,,,,,,,,,,,,,,,,,,,,,,,,,,,,,,,,,,,,,,,,,,,,,,,,,,,,,,,,,,,,,,,,
,,,,,Brought,Kill,Killed,Died,K,T,D,,,,Brought,Kill,Killed,Died,K,T,D,,,,Brought,Kill,Killed,Died,K,T,D,,,,Brought,Kill,Killed,Died,K,T,D,,,,Brought,Kill,Killed,Died,K,T,D,,,,Brought,Kill,Killed,Died,K,T,D,,,,Brought,Kill,Killed,Died,K,T,D,,,,Brought,Kill,Killed,Died,K,T,D,,,,Brought,Kill,Killed,Died,K,T,D,,,,Brought,Kill,Killed,Died,K,T,D,,,,Brought,Kill,Killed,Died,K,T,D,,,,Brought,Kill,Killed,Died,K,T,D
,,0,,,,,,,,,,,,,,,,,,,,,,,,,,,,,,,,,,,,,,,,,,,,,,,,,,,,,,,,,,,,,,,,,,,,,,,,,,,,,,,,,,,,,,,,,,,,,,,,,,,,,,,,,,,,,,,,,,,,,,,
,,,,,,,,,,,,,,,,,,,,,,,,,,,,,,,,,,,,,,,,,,,,,,,,,,,,,,,,,,,,,,,,,,,,,,,,,,,,,,,,,,,,,,,,,,,,,,,,,,,,,,,,,,,,,,,,,,,,,,,,,
,,,,,,,,,,,,,,,,,,,,,,,,,,,,,,,,,,,,,,,,,,,,,,,,,,,,,,,,,,,,,,,,,,,,,,,,,,,,,,,,,,,,,,,,,,,,,,,,,,,,,,,,,,,,,,,,,,,,,,,,,
,,,,,,,,,,,,,,,,,,,,,,,,,,,,,,,,,,,,,,,,,,,,,,,,,,,,,,,,,,,,,,,,,,,,,,,,,,,,,,,,,,,,,,,,,,,,,,,,,,,,,,,,,,,,,,,,,,,,,,,,,
,,,,,,,,,,,,,,,,,,,,,,,,,,,,,,,,,,,,,,,,,,,,,,,,,,,,,,,,,,,,,,,,,,,,,,,,,,,,,,,,,,,,,,,,,,,,,,,,,,,,,,,,,,,,,,,,,,,,,,,,,
,,,,0,,,,,,,,,,0,,,,,,,,,,0,,,,,,,,,,0,,,,,,,,,,0,,,,,,,,,,0,,,,,,,,,,0,,,,,,,,,,0,,,,,,,,,,0,,,,,,,,,,0,,,,,,,,,,0,,,,,,,,,,0,,,,,,,
,,,,,,,,,,,,,,,,,,,,,,,,,,,,,,,,,,,,,,,,,,,,,,,,,,,,,,,,,,,,,,,,,,,,,,,,,,,,,,,,,,,,,,,,,,,,,,,,,,,,,,,,,,,,,,,,,,,,,,,,,
,,,,,Brought,Kill,Killed,Died,K,T,D,,,,Brought,Kill,Killed,Died,K,T,D,,,,Brought,Kill,Killed,Died,K,T,D,,,,Brought,Kill,Killed,Died,K,T,D,,,,Brought,Kill,Killed,Died,K,T,D,,,,Brought,Kill,Killed,Died,K,T,D,,,,Brought,Kill,Killed,Died,K,T,D,,,,Brought,Kill,Killed,Died,K,T,D,,,,Brought,Kill,Killed,Died,K,T,D,,,,Brought,Kill,Killed,Died,K,T,D,,,,Brought,Kill,Killed,Died,K,T,D,,,,Brought,Kill,Killed,Died,K,T,D
,,0,,,,,,,,,,,,,,,,,,,,,,,,,,,,,,,,,,,,,,,,,,,,,,,,,,,,,,,,,,,,,,,,,,,,,,,,,,,,,,,,,,,,,,,,,,,,,,,,,,,,,,,,,,,,,,,,,,,,,,,
,,,,,,,,,,,,,,,,,,,,,,,,,,,,,,,,,,,,,,,,,,,,,,,,,,,,,,,,,,,,,,,,,,,,,,,,,,,,,,,,,,,,,,,,,,,,,,,,,,,,,,,,,,,,,,,,,,,,,,,,,
,,,,,,,,,,,,,,,,,,,,,,,,,,,,,,,,,,,,,,,,,,,,,,,,,,,,,,,,,,,,,,,,,,,,,,,,,,,,,,,,,,,,,,,,,,,,,,,,,,,,,,,,,,,,,,,,,,,,,,,,,
,,,,,,,,,,,,,,,,,,,,,,,,,,,,,,,,,,,,,,,,,,,,,,,,,,,,,,,,,,,,,,,,,,,,,,,,,,,,,,,,,,,,,,,,,,,,,,,,,,,,,,,,,,,,,,,,,,,,,,,,,
,,,,,,,,,,,,,,,,,,,,,,,,,,,,,,,,,,,,,,,,,,,,,,,,,,,,,,,,,,,,,,,,,,,,,,,,,,,,,,,,,,,,,,,,,,,,,,,,,,,,,,,,,,,,,,,,,,,,,,,,,
,,,,0,,,,,,,,,,0,,,,,,,,,,0,,,,,,,,,,0,,,,,,,,,,0,,,,,,,,,,0,,,,,,,,,,0,,,,,,,,,,0,,,,,,,,,,0,,,,,,,,,,0,,,,,,,,,,0,,,,,,,,,,0,,,,,,,
,,,,,,,,,,,,,,,,,,,,,,,,,,,,,,,,,,,,,,,,,,,,,,,,,,,,,,,,,,,,,,,,,,,,,,,,,,,,,,,,,,,,,,,,,,,,,,,,,,,,,,,,,,,,,,,,,,,,,,,,,
,,,,,Brought,Kill,Killed,Died,K,T,D,,,,Brought,Kill,Killed,Died,K,T,D,,,,Brought,Kill,Killed,Died,K,T,D,,,,Brought,Kill,Killed,Died,K,T,D,,,,Brought,Kill,Killed,Died,K,T,D,,,,Brought,Kill,Killed,Died,K,T,D,,,,Brought,Kill,Killed,Died,K,T,D,,,,Brought,Kill,Killed,Died,K,T,D,,,,Brought,Kill,Killed,Died,K,T,D,,,,Brought,Kill,Killed,Died,K,T,D,,,,Brought,Kill,Killed,Died,K,T,D,,,,Brought,Kill,Killed,Died,K,T,D
,,0,,,,,,,,,,,,,,,,,,,,,,,,,,,,,,,,,,,,,,,,,,,,,,,,,,,,,,,,,,,,,,,,,,,,,,,,,,,,,,,,,,,,,,,,,,,,,,,,,,,,,,,,,,,,,,,,,,,,,,,
,,,,,,,,,,,,,,,,,,,,,,,,,,,,,,,,,,,,,,,,,,,,,,,,,,,,,,,,,,,,,,,,,,,,,,,,,,,,,,,,,,,,,,,,,,,,,,,,,,,,,,,,,,,,,,,,,,,,,,,,,
,,,,,,,,,,,,,,,,,,,,,,,,,,,,,,,,,,,,,,,,,,,,,,,,,,,,,,,,,,,,,,,,,,,,,,,,,,,,,,,,,,,,,,,,,,,,,,,,,,,,,,,,,,,,,,,,,,,,,,,,,
,,,,,,,,,,,,,,,,,,,,,,,,,,,,,,,,,,,,,,,,,,,,,,,,,,,,,,,,,,,,,,,,,,,,,,,,,,,,,,,,,,,,,,,,,,,,,,,,,,,,,,,,,,,,,,,,,,,,,,,,,
,,,,,,,,,,,,,,,,,,,,,,,,,,,,,,,,,,,,,,,,,,,,,,,,,,,,,,,,,,,,,,,,,,,,,,,,,,,,,,,,,,,,,,,,,,,,,,,,,,,,,,,,,,,,,,,,,,,,,,,,,
,,,,0,,,,,,,,,,0,,,,,,,,,,0,,,,,,,,,,0,,,,,,,,,,0,,,,,,,,,,0,,,,,,,,,,0,,,,,,,,,,0,,,,,,,,,,0,,,,,,,,,,0,,,,,,,,,,0,,,,,,,,,,0,,,,,,,
,,,,,,,,,,,,,,,,,,,,,,,,,,,,,,,,,,,,,,,,,,,,,,,,,,,,,,,,,,,,,,,,,,,,,,,,,,,,,,,,,,,,,,,,,,,,,,,,,,,,,,,,,,,,,,,,,,,,,,,,,
,,,,,Brought,Kill,Killed,Died,K,T,D,,,,Brought,Kill,Killed,Died,K,T,D,,,,Brought,Kill,Killed,Died,K,T,D,,,,Brought,Kill,Killed,Died,K,T,D,,,,Brought,Kill,Killed,Died,K,T,D,,,,Brought,Kill,Killed,Died,K,T,D,,,,Brought,Kill,Killed,Died,K,T,D,,,,Brought,Kill,Killed,Died,K,T,D,,,,Brought,Kill,Killed,Died,K,T,D,,,,Brought,Kill,Killed,Died,K,T,D,,,,Brought,Kill,Killed,Died,K,T,D,,,,Brought,Kill,Killed,Died,K,T,D
,,0,,,,,,,,,,,,,,,,,,,,,,,,,,,,,,,,,,,,,,,,,,,,,,,,,,,,,,,,,,,,,,,,,,,,,,,,,,,,,,,,,,,,,,,,,,,,,,,,,,,,,,,,,,,,,,,,,,,,,,,
,,,,,,,,,,,,,,,,,,,,,,,,,,,,,,,,,,,,,,,,,,,,,,,,,,,,,,,,,,,,,,,,,,,,,,,,,,,,,,,,,,,,,,,,,,,,,,,,,,,,,,,,,,,,,,,,,,,,,,,,,
,,,,,,,,,,,,,,,,,,,,,,,,,,,,,,,,,,,,,,,,,,,,,,,,,,,,,,,,,,,,,,,,,,,,,,,,,,,,,,,,,,,,,,,,,,,,,,,,,,,,,,,,,,,,,,,,,,,,,,,,,
,,,,,,,,,,,,,,,,,,,,,,,,,,,,,,,,,,,,,,,,,,,,,,,,,,,,,,,,,,,,,,,,,,,,,,,,,,,,,,,,,,,,,,,,,,,,,,,,,,,,,,,,,,,,,,,,,,,,,,,,,
,,,,,,,,,,,,,,,,,,,,,,,,,,,,,,,,,,,,,,,,,,,,,,,,,,,,,,,,,,,,,,,,,,,,,,,,,,,,,,,,,,,,,,,,,,,,,,,,,,,,,,,,,,,,,,,,,,,,,,,,,
,,,,0,,,,,,,,,,0,,,,,,,,,,0,,,,,,,,,,0,,,,,,,,,,0,,,,,,,,,,0,,,,,,,,,,0,,,,,,,,,,0,,,,,,,,,,0,,,,,,,,,,0,,,,,,,,,,0,,,,,,,,,,0,,,,,,,
,,,,,,,,,,,,,,,,,,,,,,,,,,,,,,,,,,,,,,,,,,,,,,,,,,,,,,,,,,,,,,,,,,,,,,,,,,,,,,,,,,,,,,,,,,,,,,,,,,,,,,,,,,,,,,,,,,,,,,,,,
,,,,,Brought,Kill,Killed,Died,K,T,D,,,,Brought,Kill,Killed,Died,K,T,D,,,,Brought,Kill,Killed,Died,K,T,D,,,,Brought,Kill,Killed,Died,K,T,D,,,,Brought,Kill,Killed,Died,K,T,D,,,,Brought,Kill,Killed,Died,K,T,D,,,,Brought,Kill,Killed,Died,K,T,D,,,,Brought,Kill,Killed,Died,K,T,D,,,,Brought,Kill,Killed,Died,K,T,D,,,,Brought,Kill,Killed,Died,K,T,D,,,,Brought,Kill,Killed,Died,K,T,D,,,,Brought,Kill,Killed,Died,K,T,D
,,0,,,,,,,,,,,,,,,,,,,,,,,,,,,,,,,,,,,,,,,,,,,,,,,,,,,,,,,,,,,,,,,,,,,,,,,,,,,,,,,,,,,,,,,,,,,,,,,,,,,,,,,,,,,,,,,,,,,,,,,
,,,,,,,,,,,,,,,,,,,,,,,,,,,,,,,,,,,,,,,,,,,,,,,,,,,,,,,,,,,,,,,,,,,,,,,,,,,,,,,,,,,,,,,,,,,,,,,,,,,,,,,,,,,,,,,,,,,,,,,,,
,,,,,,,,,,,,,,,,,,,,,,,,,,,,,,,,,,,,,,,,,,,,,,,,,,,,,,,,,,,,,,,,,,,,,,,,,,,,,,,,,,,,,,,,,,,,,,,,,,,,,,,,,,,,,,,,,,,,,,,,,
,,,,,,,,,,,,,,,,,,,,,,,,,,,,,,,,,,,,,,,,,,,,,,,,,,,,,,,,,,,,,,,,,,,,,,,,,,,,,,,,,,,,,,,,,,,,,,,,,,,,,,,,,,,,,,,,,,,,,,,,,
,,,,,,,,,,,,,,,,,,,,,,,,,,,,,,,,,,,,,,,,,,,,,,,,,,,,,,,,,,,,,,,,,,,,,,,,,,,,,,,,,,,,,,,,,,,,,,,,,,,,,,,,,,,,,,,,,,,,,,,,,
,,,,0,,,,,,,,,,0,,,,,,,,,,0,,,,,,,,,,0,,,,,,,,,,0,,,,,,,,,,0,,,,,,,,,,0,,,,,,,,,,0,,,,,,,,,,0,,,,,,,,,,0,,,,,,,,,,0,,,,,,,,,,0,,,,,,,
,,,,,,,,,,,,,,,,,,,,,,,,,,,,,,,,,,,,,,,,,,,,,,,,,,,,,,,,,,,,,,,,,,,,,,,,,,,,,,,,,,,,,,,,,,,,,,,,,,,,,,,,,,,,,,,,,,,,,,,,,
,,,,,Brought,Kill,Killed,Died,K,T,D,,,,Brought,Kill,Killed,Died,K,T,D,,,,Brought,Kill,Killed,Died,K,T,D,,,,Brought,Kill,Killed,Died,K,T,D,,,,Brought,Kill,Killed,Died,K,T,D,,,,Brought,Kill,Killed,Died,K,T,D,,,,Brought,Kill,Killed,Died,K,T,D,,,,Brought,Kill,Killed,Died,K,T,D,,,,Brought,Kill,Killed,Died,K,T,D,,,,Brought,Kill,Killed,Died,K,T,D,,,,Brought,Kill,Killed,Died,K,T,D,,,,Brought,Kill,Killed,Died,K,T,D
,,0,,,,,,,,,,,,,,,,,,,,,,,,,,,,,,,,,,,,,,,,,,,,,,,,,,,,,,,,,,,,,,,,,,,,,,,,,,,,,,,,,,,,,,,,,,,,,,,,,,,,,,,,,,,,,,,,,,,,,,,
,,,,,,,,,,,,,,,,,,,,,,,,,,,,,,,,,,,,,,,,,,,,,,,,,,,,,,,,,,,,,,,,,,,,,,,,,,,,,,,,,,,,,,,,,,,,,,,,,,,,,,,,,,,,,,,,,,,,,,,,,
,,,,,,,,,,,,,,,,,,,,,,,,,,,,,,,,,,,,,,,,,,,,,,,,,,,,,,,,,,,,,,,,,,,,,,,,,,,,,,,,,,,,,,,,,,,,,,,,,,,,,,,,,,,,,,,,,,,,,,,,,
,,,,,,,,,,,,,,,,,,,,,,,,,,,,,,,,,,,,,,,,,,,,,,,,,,,,,,,,,,,,,,,,,,,,,,,,,,,,,,,,,,,,,,,,,,,,,,,,,,,,,,,,,,,,,,,,,,,,,,,,,
,,,,,,,,,,,,,,,,,,,,,,,,,,,,,,,,,,,,,,,,,,,,,,,,,,,,,,,,,,,,,,,,,,,,,,,,,,,,,,,,,,,,,,,,,,,,,,,,,,,,,,,,,,,,,,,,,,,,,,,,,
,,,,0,,,,,,,,,,0,,,,,,,,,,0,,,,,,,,,,0,,,,,,,,,,0,,,,,,,,,,0,,,,,,,,,,0,,,,,,,,,,0,,,,,,,,,,0,,,,,,,,,,0,,,,,,,,,,0,,,,,,,,,,0,,,,,,,